USE SportStatsDB

IF EXISTS(select * from INFORMATION_SCHEMA.TABLES where TABLE_NAME='Country')
	SET IDENTITY_INSERT Country ON
	INSERT INTO Country(country_id, country_name, flag) VALUES
	(9000,'England','https://media.api-sports.io/football/teams/71.png'),
	(9001,'Germany','https://media.api-sports.io/football/teams/71.png'),
	(9002,'Italy','https://media.api-sports.io/football/teams/71.png'),
	(9003,'Spain','https://media.api-sports.io/football/teams/71.png'),
	(9004,'Frace','https://media.api-sports.io/football/teams/71.png');
	SET IDENTITY_INSERT Country OFF
GO

IF EXISTS(select * from INFORMATION_SCHEMA.TABLES where TABLE_NAME='League')
	SET IDENTITY_INSERT League ON
	INSERT INTO League(league_id, league_name, country_id, logo) VALUES
	(1,'English Premier League',9000,'https://media.api-sports.io/football/teams/71.png'),
	(2,'Bundesliga',9001,'https://media.api-sports.io/football/teams/71.png'),
	(3,'Serie A',9002,'https://media.api-sports.io/football/teams/71.png'),
	(4,'La Liga',9003,'https://media.api-sports.io/football/teams/71.png'),
	(5,'Ligue 1',9004,'https://media.api-sports.io/football/teams/71.png');
	SET IDENTITY_INSERT League OFF
GO

IF EXISTS(select * from INFORMATION_SCHEMA.TABLES where TABLE_NAME='Manager')
	SET IDENTITY_INSERT Manager ON
	INSERT INTO Manager (manager_id, first_name, last_name, date_of_birth, country_of_birth) VALUES
	(3018,'Sean','Dyche','1971-06-28','England'),
	(3001,'Jürgen','Klopp','1967-06-16','Germany'),
	(3000,'Pep','Guardiola','1971-01-18','Spain'),
	(3014,'Marcelo','Bielsa','1955-07-21','Argentina'),
	(3013,'Thomas','Frank','1973-10-09','Denmark'),
	(3009,'Ralph','Hasenhüttl','1967-08-09','Austria'),
	(3010,'Brendan','Rodgers','1973-01-26','Northern Ireland'),
	(3008,'Graham','Potter','1975-05-20','England'),
	(3005,'Mikel','Arteta','1982-03-26','Spain'),
	(3004,'David','Moyes','1963-04-25','Scotland'),
	(3002,'Thomas','Tuchel','1973-08-29','Germany'),
	(3006,'Bruno','Lage','1978-05-12','Portugal'),
	(3012,'Patrick','Vieira','1976-06-23','France'),
	(3007,'Antonio','Conte','1969-07-31','Italy'),
	(3016,'Eddie','Howe','1977-11-29','England'),
	(3011,'Steven','Gerrard','1980-05-30','England'),
	(3019,'Dean','Smith','1971-03-19','England'),
	(3003,'Ralf','Rangnick','1958-06-29','Germany'),
	(3017,'Roy','Hodgson','1947-08-09','England'),
	(3015,'Frank','Lampard','1978-06-20','England'),
	(3020,'Carlo','Ancelotti','1959-06-10','Italy'),
	(3021,'Julen','Lopetegui Argote','1966-08-28','Spain'),
	(3022,'Manuel Luis','Pellegrini Ripamonti','1953-09-16','Chile'),
	(3023,'Xavier','Hernandez Creus','1980-01-25','Spain'),
	(3024,'Diego Pablo','Simeone','1970-04-28','Argentina'),
	(3025,'Unai','Emery Etxegoien','1971-11-03','Spain'),
	(3026,'Imanol','Alguacil Barrenetxea','1971-07-04','Spain'),
	(3027,'Marcelino','Garcia Toral','1965-08-14','Spain'),
	(3028,'Jagoba','Arrasate Elustondo','1978-04-22','Spain'),
	(3029,'Eduardo German','Coudet','1974-09-12','Argentina'),
	(3030,'Andoni','Iraola Sagarna','1982-06-22','Spain'),
	(3031,'Jose','Bordales Jimanez','1964-03-05','Spain'),
	(3032,'Francisco Javier','Rodreguez Valchez','1978-06-17','Spain'),
	(3033,'Vicente','Moreno Peris','1974-10-26','Spain'),
	(3034,'Enrique','Sanchez Flores','1965-02-05','Spain'),
	(3035,'Luis','Garcia Plaza','1972-12-01','Spain'),
	(3036,'Robert','Moreno Gonzalez','1977-09-19','Spain'),
	(3037,'Sergio','Gonzalez Soriano','1976-11-10','Spain'),
	(3038,'Jose Luis','Mendilibar Etxebarria','1961-03-14','Spain'),
	(3039,'Alessio','Lisci','1985-11-04','Italy'),
	(3040,'Julian','Nagelsmann','1987-07-23','Germany'),
	(3041,'Marco','Rose','1976-09-11','Germany'),
	(3042,'Gerardo','Seoane Castro','1978-10-30','Switzerland'),
	(3043,'Domenico','Tedesco','1985-09-12','Italy'),
	(3044,'Sebastian','Hoenez','1982-05-12','Germany'),
	(3045,'Christian','Streich','1965-06-11','Germany'),
	(3046,'Andre','Pawlak','1971-02-12','Germany'),
	(3047,'Bo','Svensson','1979-08-04','Denmark'),
	(3048,'Urs','Fischer','1966-02-20','Switzerland'),
	(3049,'Oliver','Glasner','1974-08-28','Austria'),
	(3050,'Thomas','Reis','1973-10-04','Germany'),
	(3051,'Florian','Kohfeldt','1982-10-05','Germany'),
	(3052,'Adi','Hotter','1970-02-11','Austria'),
	(3053,'Frank','Kramer','1972-05-03','Germany'),
	(3054,'Tayfun','Korkut','1974-04-02','Germany'),
	(3055,'Martin','Schmidt','1967-04-12','Switzerland'),
	(3056,'Pellegrino','Matarazzo','1977-11-28','USA'),
	(3057,'Stefan','Leitl','1977-08-29','Germany'),
	(3058,'Stefano','Pioli','1965-10-20','Italy'),
	(3059,'Simone','Inzaghi','1976-04-05','Italy'),
	(3060,'Luciano','Spalletti','1959-03-07','Italy'),
	(3061,'Massimiliano','Allegri','1967-08-11','Italy'),
	(3062,'Gian Piero','Gasperini','1958-01-26','Italy'),
	(3063,'Maurizio','Sarri','1959-01-10','Italy'),
	(3064,'Vincenzo','Italiano','1977-12-10','Germany'),
	(3065,'Jose Mario Felix','dos Santos Mourinho','1963-01-26','Portugal'),
	(3066,'Igor','Tudor','1978-04-16','Croatia'),
	(3067,'Ivan','Juric','1975-08-25','Croatia'),
	(3068,'Alessio','Dionisi','1980-04-01','Italy'),
	(3069,'Aurelio','Andreazzoli','1953-11-05','Italy'),
	(3070,'Sinina','Mihajlovic','1969-02-20','Croatia'),
	(3071,'Thiago','Motta','1982-08-28','Brazil'),
	(3072,'Marco','Giampaolo','1967-08-02','Switzerland'),
	(3073,'Gabriele','Cioffi','1975-09-30','Italy'),
	(3074,'Paolo','Zanetti','1982-12-16','Italy'),
	(3075,'Walter','Mazzarri','1961-10-01','Italy'),
	(3076,'Alexander','Blessin','1973-05-28','Germany'),
	(3077,'Stefano','Colantuono','1962-10-23','Italy'),
	(3078,'Mauricio Roberto','Pochettino Trossero','1972-03-02','Argentina'),
	(3079,'Jorge Luis','Sampaoli Moya','1960-03-13','Argentina'),
	(3080,'Christophe','Galtier','1966-08-23','France'),
	(3081,'Julien','Stephan','1980-09-18','France'),
	(3082,'Bruno','Gonasio','1966-09-01','France'),
	(3083,'Philippe','Clement','1974-03-22','Belgium'),
	(3084,'Antoine','Kombouare','1963-11-16','New Caledonia'),
	(3085,'Peter','Bosz','1963-11-21','Netherlands'),
	(3086,'Olivier','DallaOglio','1964-05-16','France'),
	(3087,'Eric','Sikora','1968-02-04','France'),
	(3088,'Jocelyn','Gourvennec','1972-03-22','France'),
	(3089,'Igor','Tudor','1978-04-16','Croatia'),
	(3090,'Ivan','Juric','1975-08-25','Croatia'),
	(3091,'Alessio','Dionisi','1980-04-01','Italy'),
	(3092,'Aurelio','Andreazzoli','1953-11-05','Italy'),
	(3093,'Sinina','Mihajlovic','1969-02-20','Croatia'),
	(3094,'Thiago','Motta','1982-08-28','Brazil'),
	(3095,'Marco','Giampaolo','1967-08-02','Switzerland'),
	(3096,'Gabriele','Cioffi','1975-09-30','Italy'),
	(3097,'Paolo','Zanetti','1982-12-16','Italy')
	SET IDENTITY_INSERT Manager OFF
GO

IF EXISTS(select * from INFORMATION_SCHEMA.TABLES where TABLE_NAME='Stadium')
	SET IDENTITY_INSERT Stadium ON
	INSERT INTO Stadium(stadium_id, stadium_name, stadium_capacity) VALUES
	(6000,'Etihad Stadium',55000),
	(6001,'Anfield',54074),
	(6002,'Stamford Bridge',41837),
	(6003,'Old Trafford',75811),
	(6004,'London Stadium',60000),
	(6005,'Emirates Stadium',60361),
	(6006,'Molineux Stadium',31700),
	(6007,'Tottenham Hotspur Stadium',62303),
	(6008,'The Amex',31800),
	(6009,'St Mary''ss Stadium',32689),
	(6010,'King Power Stadium',32312),
	(6011,'Villa Park',42785),
	(6012,'Selhurst Park',26225),
	(6013,'Brentford Community Stadium',17250),
	(6014,'Elland Road',39460),
	(6015,'Goodison Park',40157),
	(6016,'St James Park',52339),
	(6017,'Vicarage Road',21500),
	(6018,'Turf Moor',22619),
	(6019,'Carrow Road',27010),
	(6020,'Estadio Santiago Bernabeu',81044),
	(6021,'Estadio Ramon Sanchez Pizjuan',45500),
	(6022,'Estadio Benito Villamarin',51700),
	(6023,'Camp Nou',99354),
	(6024,'Wanda Metropolitano',68000),
	(6025,'Estadio El Madrigal',25000),
	(6026,'Reale Arena',40000),
	(6027,'Estadio San Mames',53000),
	(6028,'Estadio El Sadar',23500),
	(6029,'Estadio Municipal de Balaidos',31800),
	(6030,'Estadio de Vallecas',14505),
	(6031,'Estadio de Mestalla',55000),
	(6032,'Estadio Martinez Valero',36017),
	(6033,'RCDE Stadium',40000),
	(6034,'Coliseum Alfonso Perez',17500),
	(6035,'Son Moix',23142),
	(6036,'Estadio Nuevo Los Carmenes',22094),
	(6037,'Nuevo Ramon de Carranza',20000),
	(6038,'Estadio de Mendizorroza',19840),
	(6039,'Estadi Ciutat de Valencia',26354),
	(6040,'Allianz Arena',75000),
	(6041,'Signal Iduna Park',81359),
	(6042,'BayArena',30000),
	(6043,'Red Bull Arena',42959),
	(6044,'PreZero Arena',30150),
	(6045,'Schwarzwald-Stadion',24000),
	(6046,'RheinEnergieStadion',50000),
	(6047,'MEWAArena',33305),
	(6048,'Stadion An der Alten Forsterei',22012),
	(6049,'Deutsche Bank Park',51500),
	(6050,'Vonovia Ruhrstadion',29299),
	(6051,'Volkswagen Arena',30000),
	(6052,'Borussia-Park',54010),
	(6053,'SchucoArena',26515),
	(6054,'Olympiastadion',74064),
	(6055,'WWK Arena',30660),
	(6056,'Mercedes-Benz Arena',60441),
	(6057,'Sportpark Ronhof',18000),
	(6058,'San Siro',80018),
	(6059,'San Siro',80018),
	(6060,'Stadio San Paolo',60240),
	(6061,'Allianz Stadium',41000),
	(6062,'Stadio Atleti Azzurri d''sItalia',26562),
	(6063,'Stadio Olimpico',72698),
	(6064,'Stadio Artemio Franchi',47282),
	(6065,'Stadio Olimpico',72698),
	(6066,'Stadio Marcantonio Bentegodi',39221),
	(6067,'Stadio Olimpico di Torino',25300),
	(6068,'MAPEI Stadium - Citta del Tricolore',20084),
	(6069,'Carlo Castellani Stadium',16800),
	(6070,'Stadio Renato Dall''sAra',38279),
	(6071,'Stadio Alberto Picco',10446),
	(6072,'Stadio Luigi Ferraris',36599),
	(6073,'Stadio Friuli',25000),
	(6074,'Pier Luigi Penzo Stadium',9977),
	(6075,'Stadio Sant''sElia',23486),
	(6076,'Stadio Luigi Ferraris',36599),
	(6077,'Arechi Stadium',37800),
	(6078,'Parc des Princes',48527),
	(6079,'Stade Velodrome',67000),
	(6080,'Allianz Riviera',35624),
	(6081,'Stade de la Meinau',27500),
	(6082,'Stade de la Route de Lorient',29778),
	(6083,'Stade Louis II',18523),
	(6084,'Stade de La Beaujoire',37473),
	(6085,'Parc Olympique Lyonnais',59186),
	(6086,'Stade de la Mosson',32900),
	(6087,'Stade Bollaert-Delelis',38223),
	(6088,'Stade Pierre Mauroy',50000),
	(6089,'Stade Francis-Le Ble',15097),
	(6090,'Stade Jean Bouin',16),
	(6091,'Stade Auguste Delaune',21684),
	(6092,'Stade Gabriel Montpied',11980),
	(6093,'Stade Geoffroy Guichard',41500),
	(6094,'Stade de l''sAube',20400),
	(6095,'Stade Yves Allainmat',18500),
	(6096,'Stade Saint-Symphorien',26600),
	(6097,'Matmut Atlantique',42);
	SET IDENTITY_INSERT Stadium OFF
GO

IF EXISTS(select * from INFORMATION_SCHEMA.TABLES where TABLE_NAME='Team')
	SET IDENTITY_INSERT Team ON
	INSERT INTO Team (team_id, manager_id, league_id, stadium_id, team_name, no_of_players, team_logo) VALUES
	(100,3000,1,6000,'Manchester City',30,'https://media.api-sports.io/football/teams/50.png'),
	(101,3001,1,6001,'Liverpool',30,'https://media.api-sports.io/football/teams/40.png'),
	(102,3002,1,6002,'Chelsea',30,'https://media.api-sports.io/football/teams/49.png'),
	(103,3003,1,6003,'Manchester United',30,'https://media.api-sports.io/football/teams/33.png'),
	(104,3004,1,6004,'West Ham',30,'https://media.api-sports.io/football/teams/48.png'),
	(105,3005,1,6005,'Arsenal',30,'https://media.api-sports.io/football/teams/42.png'),
	(106,3006,1,6006,'Wolves',30,'https://media.api-sports.io/football/teams/39.png'),
	(107,3007,1,6007,'Tottenham',30,'https://media.api-sports.io/football/teams/47.png'),
	(108,3008,1,6008,'Brighton',30,'https://media.api-sports.io/football/teams/51.png'),
	(109,3009,1,6009,'Southampton',30,'https://media.api-sports.io/football/teams/41.png'),
	(110,3010,1,6010,'Leicester',30,'https://media.api-sports.io/football/teams/46.png'),
	(111,3011,1,6011,'Aston Villa',30,'https://media.api-sports.io/football/teams/66.png'),
	(112,3012,1,6012,'Crystal Palace',30,'https://media.api-sports.io/football/teams/52.png'),
	(113,3013,1,6013,'Brentford',30,'https://media.api-sports.io/football/teams/55.png'),
	(114,3014,1,6014,'Leeds',30,'https://media.api-sports.io/football/teams/63.png'),
	(115,3015,1,6015,'Everton',30,'https://media.api-sports.io/football/teams/45.png'),
	(116,3016,1,6016,'Newcastle',30,'https://media.api-sports.io/football/teams/34.png'),
	(117,3017,1,6017,'Watford',30,'https://media.api-sports.io/football/teams/38.png'),
	(118,3018,1,6018,'Burnley',30,'https://media.api-sports.io/football/teams/44.png'),
	(119,3019,1,6019,'Norwich',30,'https://media.api-sports.io/football/teams/71.png'),
	(120,3020,2,6020,'Real Madrid',30,'https://media.api-sports.io/football/teams/541.png'),
	(121,3021,2,6021,'Sevilla',30,'https://media.api-sports.io/football/teams/536.png'),
	(122,3022,2,6022,'Real Betis',30,'https://media.api-sports.io/football/teams/543.png'),
	(123,3023,2,6023,'Barcelona',30,'https://media.api-sports.io/football/teams/529.png'),
	(124,3024,2,6024,'Atletico Madrid',30,'https://media.api-sports.io/football/teams/530.png'),
	(125,3025,2,6025,'Villarreal',30,'https://media.api-sports.io/football/teams/533.png'),
	(126,3026,2,6026,'Real Sociedad',30,'https://media.api-sports.io/football/teams/548.png'),
	(127,3027,2,6027,'Athletic Bilbao',30,'https://media.api-sports.io/football/teams/531.png'),
	(128,3028,2,6028,'Osasuna',30,'https://media.api-sports.io/football/teams/727.png'),
	(129,3029,2,6029,'Celta Vigo',30,'https://media.api-sports.io/football/teams/538.png'),
	(130,3030,2,6030,'Rayo Vallecano',30,'https://media.api-sports.io/football/teams/728.png'),
	(131,3031,2,6031,'Valencia',30,'https://media.api-sports.io/football/teams/532.png'),
	(132,3032,2,6032,'Elche',30,'https://media.api-sports.io/football/teams/797.png'),
	(133,3033,2,6033,'Espanyol',30,'https://media.api-sports.io/football/teams/540.png'),
	(134,3034,2,6034,'Getafe',30,'https://media.api-sports.io/football/teams/546.png'),
	(135,3035,2,6035,'Mallorca',30,'https://media.api-sports.io/football/teams/798.png'),
	(136,3036,2,6036,'Granada',30,'https://media.api-sports.io/football/teams/715.png'),
	(137,3037,2,6037,'Cadiz',30,'https://media.api-sports.io/football/teams/724.png'),
	(138,3038,2,6038,'Alaves',30,'https://media.api-sports.io/football/teams/542.png'),
	(139,3039,2,6039,'Levante',30,'https://media.api-sports.io/football/teams/539.png'),
	(140,3040,3,6040,'Bayern Munich',30,'https://media.api-sports.io/football/teams/157.png'),
	(141,3041,3,6041,'Borussia Dortmund',30,'https://media.api-sports.io/football/teams/165.png'),
	(142,3042,3,6042,'Bayer Leverkusen',30,'https://media.api-sports.io/football/teams/168.png'),
	(143,3043,3,6043,'RB Leipzig',30,'https://media.api-sports.io/football/teams/173.png'),
	(144,3044,3,6044,'Hoffenheim',30,'https://media.api-sports.io/football/teams/167.png'),
	(145,3045,3,6045,'Freiburg',30,'https://media.api-sports.io/football/teams/160.png'),
	(146,3046,3,6046,'FC Koln',30,'https://media.api-sports.io/football/teams/192.png'),
	(147,3047,3,6047,'FSV Mainz 05',30,'https://media.api-sports.io/football/teams/164.png'),
	(148,3048,3,6048,'Union Berlin',30,'https://media.api-sports.io/football/teams/182.png'),
	(149,3049,3,6049,'Eintracht Frankfurt',30,'https://media.api-sports.io/football/teams/169.png'),
	(150,3050,3,6050,'VfL Bochum',30,'https://media.api-sports.io/football/teams/176.png'),
	(151,3051,3,6051,'VfL Wolfsburg',30,'https://media.api-sports.io/football/teams/161.png'),
	(152,3052,3,6052,'Borussia Monchengladbach',30,'https://media.api-sports.io/football/teams/163.png'),
	(153,3053,3,6053,'Arminia Bielefeld',30,'https://media.api-sports.io/football/teams/188.png'),
	(154,3054,3,6054,'Hertha Berlin',30,'https://media.api-sports.io/football/teams/159.png'),
	(155,3055,3,6055,'FC Augsburg',30,'https://media.api-sports.io/football/teams/170.png'),
	(156,3056,3,6056,'VfB Stuttgart',30,'https://media.api-sports.io/football/teams/172.png'),
	(157,3057,3,6057,'SpVgg Greuther Furth',30,'https://media.api-sports.io/football/teams/178.png'),
	(158,3058,4,6058,'AC Milan',30,'https://media.api-sports.io/football/teams/489.png'),
	(159,3059,4,6059,'Inter Milan',30,'https://media.api-sports.io/football/teams/505.png'),
	(160,3060,4,6060,'Napoli',30,'https://media.api-sports.io/football/teams/492.png'),
	(161,3061,4,6061,'Juventus',30,'https://media.api-sports.io/football/teams/496.png'),
	(162,3062,4,6062,'Atalanta',30,'https://media.api-sports.io/football/teams/499.png'),
	(163,3063,4,6063,'Lazio',30,'https://media.api-sports.io/football/teams/487.png'),
	(164,3064,4,6064,'Fiorentina',30,'https://media.api-sports.io/football/teams/502.png'),
	(165,3065,4,6065,'AS Roma',30,'https://media.api-sports.io/football/teams/497.png'),
	(166,3066,4,6066,'Verona',30,'https://media.api-sports.io/football/teams/504.png'),
	(167,3067,4,6067,'Torino',30,'https://media.api-sports.io/football/teams/503.png'),
	(168,3068,4,6068,'Sassuolo',30,'https://media.api-sports.io/football/teams/488.png'),
	(169,3069,4,6069,'Empoli',30,'https://media.api-sports.io/football/teams/511.png'),
	(170,3070,4,6070,'Bologna',30,'https://media.api-sports.io/football/teams/500.png'),
	(171,3071,4,6071,'Spezia',30,'https://media.api-sports.io/football/teams/515.png'),
	(172,3072,4,6072,'Sampdoria',30,'https://media.api-sports.io/football/teams/498.png'),
	(173,3073,4,6073,'Udinese',30,'https://media.api-sports.io/football/teams/494.png'),
	(174,3074,4,6074,'Venezia',30,'https://media.api-sports.io/football/teams/517.png'),
	(175,3075,4,6075,'Cagliari',30,'https://media.api-sports.io/football/teams/490.png'),
	(176,3076,4,6076,'Genoa',30,'https://media.api-sports.io/football/teams/495.png'),
	(177,3077,4,6077,'Salernitana',30,'https://media.api-sports.io/football/teams/514.png'),
	(178,3078,5,6078,'Paris Saint Germain',30,'https://media.api-sports.io/football/teams/85.png'),
	(179,3079,5,6079,'Marseille',30,'https://media.api-sports.io/football/teams/81.png'),
	(180,3080,5,6080,'Nice',30,'https://media.api-sports.io/football/teams/84.png'),
	(181,3081,5,6081,'Strasbourg',30,'https://media.api-sports.io/football/teams/95.png'),
	(182,3082,5,6082,'Rennes',30,'https://media.api-sports.io/football/teams/94.png'),
	(183,3083,5,6083,'Monaco',30,'https://media.api-sports.io/football/teams/91.png'),
	(184,3084,5,6084,'Nantes',30,'https://media.api-sports.io/football/teams/83.png'),
	(185,3085,5,6085,'Lyon',30,'https://media.api-sports.io/football/teams/80.png'),
	(186,3086,5,6086,'Montpellier',30,'https://media.api-sports.io/football/teams/82.png'),
	(187,3087,5,6087,'Lens',30,'https://media.api-sports.io/football/teams/116.png'),
	(188,3088,5,6088,'Lille',30,'https://media.api-sports.io/football/teams/79.png'),
	(189,3089,5,6089,'Stade Brestois 29',30,'https://media.api-sports.io/football/teams/106.png'),
	(190,3090,5,6090,'Angers',30,'https://media.api-sports.io/football/teams/77.png'),
	(191,3091,5,6091,'Reims',30,'https://media.api-sports.io/football/teams/93.png'),
	(192,3092,5,6092,'Clermont Foot',30,'https://media.api-sports.io/football/teams/99.png'),
	(193,3093,5,6093,'Saint Etienne',30,'https://media.api-sports.io/football/teams/1063.png'),
	(194,3094,5,6094,'Estac Troyes',30,'https://media.api-sports.io/football/teams/110.png'),
	(195,3095,5,6095,'Lorient',30,'https://media.api-sports.io/football/teams/97.png'),
	(196,3096,5,6096,'Metz',30,'https://media.api-sports.io/football/teams/112.png'),
	(197,3097,5,6097,'Bordeaux',30,'https://media.api-sports.io/football/teams/78.png');
	SET IDENTITY_INSERT Team OFF
GO

IF EXISTS(select * from INFORMATION_SCHEMA.TABLES where TABLE_NAME='Team_Stats')
	SET IDENTITY_INSERT Team_Stats ON
	INSERT INTO Team_Stats (team_stat_id, league_id, team_id, league_pos, goals_against, goals_for, goal_diff, points, losses, draws, wins, no_games_played) VALUES
	(10000,1,100,1,17,63,46,63,3,3,20,26),
	(10001,1,101,2,20,64,44,57,2,6,17,25),
	(10002,1,102,3,18,49,31,50,3,8,14,25),
	(10003,1,103,4,34,44,10,46,6,7,13,26),
	(10004,1,104,5,34,45,11,42,8,6,12,26),
	(10005,1,105,6,26,36,10,42,7,3,13,23),
	(10006,1,106,7,18,23,5,40,8,4,12,24),
	(10007,1,107,8,31,31,0,39,8,3,12,23),
	(10008,1,108,9,28,25,-3,33,6,12,7,25),
	(10009,1,109,10,37,32,-5,32,7,11,7,25),
	(10010,1,110,11,43,37,-6,27,10,6,7,23),
	(10011,1,111,12,37,31,-6,27,13,3,8,24),
	(10012,1,112,13,36,32,-4,26,9,11,5,25),
	(10013,1,113,14,42,27,-15,24,14,6,6,26),
	(10014,1,114,15,50,29,-21,23,11,8,5,24),
	(10015,1,115,16,40,28,-12,22,13,4,6,23),
	(10016,1,116,17,45,26,-19,22,10,10,4,24),
	(10017,1,117,18,43,24,-19,18,16,3,5,24),
	(10018,1,118,19,29,20,-9,17,9,11,2,22),
	(10019,1,119,20,53,15,-38,17,16,5,4,25),
	(10020,2,120,1,20,51,31,57,2,6,17,25),
	(10021,2,121,2,17,37,20,51,2,9,14,25),
	(10022,2,122,3,30,47,17,46,7,4,14,25),
	(10023,2,123,4,28,42,14,42,4,9,11,24),
	(10024,2,124,5,34,45,11,42,7,6,12,25),
	(10025,2,125,6,24,42,18,39,6,9,10,25),
	(10026,2,126,7,25,24,-1,38,6,8,10,24),
	(10027,2,127,8,21,29,8,37,6,10,9,25),
	(10028,2,128,9,30,25,-5,32,9,8,8,25),
	(10029,2,129,10,25,28,3,31,9,7,8,24),
	(10030,2,130,11,29,28,-1,31,11,4,9,24),
	(10031,2,131,12,42,37,-5,30,9,9,7,25),
	(10032,2,132,13,34,28,-6,29,10,8,7,25),
	(10033,2,133,14,35,30,-5,29,10,8,7,25),
	(10034,2,134,15,28,24,-4,26,11,8,6,25),
	(10035,2,135,16,38,23,-15,26,10,8,6,24),
	(10036,2,136,17,40,27,-13,24,11,9,5,25),
	(10037,2,137,18,39,21,-18,20,11,11,3,25),
	(10038,2,138,19,42,19,-23,20,15,5,5,25),
	(10039,2,139,20,50,24,-26,14,14,8,2,24),
	(10040,3,140,1,26,74,48,55,4,1,18,23),
	(10041,3,141,2,36,63,27,49,6,1,16,23),
	(10042,3,142,3,39,60,21,41,6,5,12,23),
	(10043,3,143,4,28,49,21,37,8,4,11,23),
	(10044,3,144,5,35,45,10,37,8,4,11,23),
	(10045,3,145,6,26,36,10,37,6,7,10,23),
	(10046,3,146,7,37,35,-2,35,6,8,9,23),
	(10047,3,147,8,26,34,8,34,9,4,10,23),
	(10048,3,148,9,31,29,-2,34,7,7,9,23),
	(10049,3,149,10,35,33,-2,31,8,7,8,23),
	(10050,3,150,11,33,25,-8,29,10,5,8,23),
	(10051,3,151,12,35,24,-11,27,12,3,8,23),
	(10052,3,152,13,46,30,-16,26,11,5,7,23),
	(10053,3,153,14,29,22,-7,25,8,10,5,23),
	(10054,3,154,15,51,25,-26,23,12,5,6,23),
	(10055,3,155,16,40,25,-15,22,11,7,5,23),
	(10056,3,156,17,43,27,-16,19,12,7,4,23),
	(10057,3,157,18,61,21,-40,13,16,4,3,23),
	(10058,4,158,1,28,52,24,56,4,5,17,26),
	(10059,4,159,2,22,55,33,54,3,6,16,25),
	(10060,4,160,3,17,46,29,53,4,5,16,25),
	(10061,4,161,4,23,38,15,47,5,8,13,26),
	(10062,4,162,5,30,46,16,44,5,8,12,25),
	(10063,4,163,6,40,53,13,43,7,7,12,26),
	(10064,4,164,7,34,44,10,42,9,3,13,25),
	(10065,4,165,8,34,44,10,41,9,5,12,26),
	(10066,4,166,9,42,49,7,37,9,7,10,26),
	(10067,4,167,10,26,32,6,33,10,6,9,25),
	(10068,4,168,11,44,43,-1,33,9,9,8,26),
	(10069,4,169,12,50,38,-12,31,11,7,8,26),
	(10070,4,170,13,40,29,-11,28,12,4,8,24),
	(10071,4,171,14,46,27,-19,26,13,5,7,25),
	(10072,4,172,15,42,35,-7,26,14,5,7,26),
	(10073,4,173,16,41,31,-10,25,9,10,5,24),
	(10074,4,174,17,44,23,-21,22,13,7,5,25),
	(10075,4,175,18,46,25,-21,21,12,9,4,25),
	(10076,4,176,19,47,22,-25,16,12,13,1,26),
	(10077,4,177,20,55,19,-36,14,16,5,3,24),
	(10078,5,178,1,22,53,31,59,2,5,18,25),
	(10079,5,179,2,23,38,15,46,5,7,13,25),
	(10080,5,180,3,21,37,16,46,7,4,14,25),
	(10081,5,181,4,31,48,17,42,7,6,12,25),
	(10082,5,182,5,23,47,24,40,9,4,12,25),
	(10083,5,183,6,27,38,11,38,7,8,10,25),
	(10084,5,184,7,29,34,5,38,9,5,11,25),
	(10085,5,185,8,31,34,3,39,6,9,10,25),
	(10086,5,186,9,34,39,5,37,10,4,11,25),
	(10087,5,187,10,36,40,4,37,8,7,10,25),
	(10088,5,188,11,35,32,-3,36,7,9,9,25),
	(10089,5,189,12,37,34,-3,32,9,8,8,25),
	(10090,5,190,13,36,30,-6,29,10,8,7,25),
	(10091,5,191,14,29,28,-1,28,9,10,6,25),
	(10092,5,192,15,41,26,-15,27,12,6,7,25),
	(10093,5,193,16,47,26,-21,22,13,7,5,25),
	(10094,5,194,17,40,22,-18,21,14,6,5,25),
	(10095,5,195,18,39,20,-19,21,12,9,4,25),
	(10096,5,196,19,45,25,-20,21,12,9,4,25),
	(10097,5,197,20,62,37,-25,21,12,9,4,25)
	SET IDENTITY_INSERT Team_Stats OFF
GO

IF EXISTS(select * from INFORMATION_SCHEMA.TABLES where TABLE_NAME='Matches')
	INSERT INTO Matches (match_id, home_team_id, away_team_id, league_id, season, date_time, stadium, home_goals, away_goals, referee) VALUES
	(100000,113,105,1,2021,'2021-08-13','Brentford Community Stadium',2,0,'Michael Oliver'),
	(100001,118,108,1,2021,'2021-08-14','Turf Moor',1,2,'David Coote'),
	(100002,102,112,1,2021,'2021-08-14','Stamford Bridge',3,0,'Jonathan Moss'),
	(100003,115,109,1,2021,'2021-08-14','Goodison Park',3,1,'Kevin Friend'),
	(100004,110,106,1,2021,'2021-08-14','King Power Stadium',1,0,'Craig Pawson'),
	(100005,103,114,1,2021,'2021-08-14','Old Trafford',5,1,'Paul Tierney'),
	(100006,116,104,1,2021,'2021-08-15','St. James''s Park',2,4,'Martin Atkinson'),
	(100007,119,101,1,2021,'2021-08-14','Carrow Road',0,3,'Andre Marriner'),
	(100008,107,100,1,2021,'2021-08-15','Tottenham Hotspur Stadium',1,0,'Anthony Taylor'),
	(100009,117,111,1,2021,'2021-08-14','Vicarage Road',3,2,'Mike Dean'),
	(100010,105,102,1,2021,'2021-08-22','Emirates Stadium',0,2,'Paul Tierney'),
	(100011,111,116,1,2021,'2021-08-21','Villa Park',2,0,'David Coote'),
	(100012,108,117,1,2021,'2021-08-21','The American Express Community Stadium',2,0,'Anthony Taylor'),
	(100013,112,113,1,2021,'2021-08-21','Selhurst Park',0,0,'Martin Atkinson'),
	(100014,114,115,1,2021,'2021-08-21','Elland Road',2,2,'England Darren'),
	(100015,101,118,1,2021,'2021-08-21','Anfield',2,0,'Mike Dean'),
	(100016,100,119,1,2021,'2021-08-21','Etihad Stadium',5,0,'Graham Scott'),
	(100017,109,103,1,2021,'2021-08-22','St. Mary''ss Stadium',1,1,'Craig Pawson'),
	(100018,104,110,1,2021,'2021-08-23','London Stadium',4,1,'Michael Oliver'),
	(100019,106,107,1,2021,'2021-08-22','Molineux Stadium',0,1,'Stuart Attwell'),
	(100020,111,113,1,2021,'2021-08-28','Villa Park',1,1,'Peter Bankes'),
	(100021,108,115,1,2021,'2021-08-28','The American Express Community Stadium',0,2,'Jonathan Moss'),
	(100022,118,114,1,2021,'2021-08-29','Turf Moor',1,1,'Michael Oliver'),
	(100023,101,102,1,2021,'2021-08-28','Anfield',1,1,'Anthony Taylor'),
	(100024,100,105,1,2021,'2021-08-28','Etihad Stadium',5,0,'Martin Atkinson'),
	(100025,116,109,1,2021,'2021-08-28','St. James''s Park',2,2,'Paul Tierney'),
	(100026,119,110,1,2021,'2021-08-28','Carrow Road',1,2,'Robert Jones'),
	(100027,107,117,1,2021,'2021-08-29','Tottenham Hotspur Stadium',1,0,'Andre Marriner'),
	(100028,104,112,1,2021,'2021-08-28','London Stadium',2,2,'Stuart Attwell'),
	(100029,106,103,1,2021,'2021-08-29','Molineux Stadium',0,1,'Mike Dean'),
	(100030,105,119,1,2021,'2021-09-11','Emirates Stadium',1,0,'Michael Oliver'),
	(100031,113,108,1,2021,'2021-09-11','Brentford Community Stadium',0,1,'Graham Scott'),
	(100032,102,111,1,2021,'2021-09-11','Stamford Bridge',3,0,'Stuart Attwell'),
	(100033,112,107,1,2021,'2021-09-11','Selhurst Park',3,0,'Jonathan Moss'),
	(100034,115,118,1,2021,'2021-09-13','Goodison Park',3,1,'Martin Atkinson'),
	(100035,114,101,1,2021,'2021-09-12','Elland Road',0,3,'Craig Pawson'),
	(100036,110,100,1,2021,'2021-09-11','King Power Stadium',0,1,'Paul Tierney'),
	(100037,103,116,1,2021,'2021-09-11','Old Trafford',4,1,'Anthony Taylor'),
	(100038,109,104,1,2021,'2021-09-11','St. Mary''ss Stadium',0,0,'David Coote'),
	(100039,117,106,1,2021,'2021-09-11','Vicarage Road',0,2,'Peter Bankes'),
	(100040,111,115,1,2021,'2021-09-18','Villa Park',3,0,'Craig Pawson'),
	(100041,108,110,1,2021,'2021-09-19','The American Express Community Stadium',2,1,'Stuart Attwell'),
	(100042,118,105,1,2021,'2021-09-18','Turf Moor',0,1,'Anthony Taylor'),
	(100043,101,112,1,2021,'2021-09-18','Anfield',3,0,'Andy Madley'),
	(100044,100,109,1,2021,'2021-09-18','Etihad Stadium',0,0,'Jonathan Moss'),
	(100045,116,114,1,2021,'2021-09-17','St. James''s Park',1,1,'Mike Dean'),
	(100046,119,117,1,2021,'2021-09-18','Carrow Road',1,3,'Robert Jones'),
	(100047,107,102,1,2021,'2021-09-19','Tottenham Hotspur Stadium',0,3,'Paul Tierney'),
	(100048,104,103,1,2021,'2021-09-19','London Stadium',1,2,'Martin Atkinson'),
	(100049,106,113,1,2021,'2021-09-18','Molineux Stadium',0,2,'England Darren'),
	(100050,105,107,1,2021,'2021-09-26','Emirates Stadium',3,1,'Craig Pawson'),
	(100051,113,101,1,2021,'2021-09-25','Brentford Community Stadium',3,3,'Stuart Attwell'),
	(100052,102,100,1,2021,'2021-09-25','Stamford Bridge',0,1,'Michael Oliver'),
	(100053,112,108,1,2021,'2021-09-27','Selhurst Park',1,1,'Andre Marriner'),
	(100054,115,119,1,2021,'2021-09-25','Goodison Park',2,0,'David Coote'),
	(100055,114,104,1,2021,'2021-09-25','Elland Road',1,2,'Kevin Friend'),
	(100056,110,118,1,2021,'2021-09-25','King Power Stadium',2,2,'Chris Kavanagh'),
	(100057,103,111,1,2021,'2021-09-25','Old Trafford',0,1,'Mike Dean'),
	(100058,109,106,1,2021,'2021-09-26','St. Mary''ss Stadium',0,1,'Andy Madley'),
	(100059,117,116,1,2021,'2021-09-25','Vicarage Road',1,1,'Jarred Gillett'),
	(100060,108,105,1,2021,'2021-10-02','The American Express Community Stadium',0,0,'Jonathan Moss'),
	(100061,118,119,1,2021,'2021-10-02','Turf Moor',0,0,'Kevin Friend'),
	(100062,102,109,1,2021,'2021-10-02','Stamford Bridge',3,1,'Martin Atkinson'),
	(100063,112,110,1,2021,'2021-10-03','Selhurst Park',2,2,'Anthony Taylor'),
	(100064,114,117,1,2021,'2021-10-02','Elland Road',1,0,'Simon Hooper'),
	(100065,101,100,1,2021,'2021-10-03','Anfield',2,2,'Paul Tierney'),
	(100066,103,115,1,2021,'2021-10-02','Old Trafford',1,1,'Michael Oliver'),
	(100067,107,111,1,2021,'2021-10-03','Tottenham Hotspur Stadium',2,1,'Chris Kavanagh'),
	(100068,104,113,1,2021,'2021-10-03','London Stadium',1,2,'Peter Bankes'),
	(100069,106,116,1,2021,'2021-10-02','Molineux Stadium',2,1,'Graham Scott'),
	(100070,105,112,1,2021,'2021-10-18','Emirates Stadium',2,2,'Mike Dean'),
	(100071,111,106,1,2021,'2021-10-16','Villa Park',2,3,'Michael Oliver'),
	(100072,113,102,1,2021,'2021-10-16','Brentford Community Stadium',0,1,'Anthony Taylor'),
	(100073,115,104,1,2021,'2021-10-17','Goodison Park',0,1,'Stuart Attwell'),
	(100074,110,103,1,2021,'2021-10-16','King Power Stadium',4,2,'Craig Pawson'),
	(100075,100,118,1,2021,'2021-10-16','Etihad Stadium',2,0,'Martin Atkinson'),
	(100076,116,107,1,2021,'2021-10-17','St. James''s Park',2,3,'Andre Marriner'),
	(100077,119,108,1,2021,'2021-10-16','Carrow Road',0,0,'Peter Bankes'),
	(100078,109,114,1,2021,'2021-10-16','St. Mary''ss Stadium',1,0,'David Coote'),
	(100079,117,101,1,2021,'2021-10-16','Vicarage Road',0,5,'Jonathan Moss'),
	(100080,105,111,1,2021,'2021-10-22','Emirates Stadium',3,1,'Craig Pawson'),
	(100081,113,110,1,2021,'2021-10-24','Brentford Community Stadium',1,2,'Simon Hooper'),
	(100082,108,100,1,2021,'2021-10-23','The American Express Community Stadium',1,4,'Kevin Friend'),
	(100083,102,119,1,2021,'2021-10-23','Stamford Bridge',7,0,'Andy Madley'),
	(100084,112,116,1,2021,'2021-10-23','Selhurst Park',1,1,'England Darren'),
	(100085,115,117,1,2021,'2021-10-23','Goodison Park',2,5,'Graham Scott'),
	(100086,114,106,1,2021,'2021-10-23','Elland Road',1,1,'Robert Jones'),
	(100087,103,101,1,2021,'2021-10-24','Old Trafford',0,5,'Anthony Taylor'),
	(100088,109,118,1,2021,'2021-10-23','St. Mary''ss Stadium',2,2,'Chris Kavanagh'),
	(100089,104,107,1,2021,'2021-10-24','London Stadium',1,0,'Paul Tierney'),
	(100090,111,104,1,2021,'2021-10-31','Villa Park',1,4,'Chris Kavanagh'),
	(100091,118,113,1,2021,'2021-10-30','Turf Moor',3,1,'Jonathan Moss'),
	(100092,110,105,1,2021,'2021-10-30','King Power Stadium',0,2,'Michael Oliver'),
	(100093,101,108,1,2021,'2021-10-30','Anfield',2,2,'Mike Dean'),
	(100094,100,112,1,2021,'2021-10-30','Etihad Stadium',0,2,'Andre Marriner'),
	(100095,116,102,1,2021,'2021-10-30','St. James''s Park',0,3,'Paul Tierney'),
	(100096,119,114,1,2021,'2021-10-31','Carrow Road',1,2,'Anthony Taylor'),
	(100097,107,103,1,2021,'2021-10-30','Tottenham Hotspur Stadium',0,3,'Stuart Attwell'),
	(100098,117,109,1,2021,'2021-10-30','Vicarage Road',0,1,'Peter Bankes'),
	(100099,106,115,1,2021,'2021-11-01','Molineux Stadium',2,1,'Martin Atkinson'),
	(100100,105,117,1,2021,'2021-11-07','Emirates Stadium',1,0,'Kevin Friend'),
	(100101,113,119,1,2021,'2021-11-06','Brentford Community Stadium',1,2,'Jarred Gillett'),
	(100102,108,116,1,2021,'2021-11-06','The American Express Community Stadium',1,1,'David Coote'),
	(100103,102,118,1,2021,'2021-11-06','Stamford Bridge',1,1,'Andre Marriner'),
	(100104,112,106,1,2021,'2021-11-06','Selhurst Park',2,0,'Graham Scott'),
	(100105,115,107,1,2021,'2021-11-07','Goodison Park',0,0,'Chris Kavanagh'),
	(100106,114,110,1,2021,'2021-11-07','Elland Road',1,1,'England Darren'),
	(100107,103,100,1,2021,'2021-11-06','Old Trafford',0,2,'Michael Oliver'),
	(100108,109,111,1,2021,'2021-11-05','St. Mary''ss Stadium',1,0,'Andy Madley'),
	(100109,104,101,1,2021,'2021-11-07','London Stadium',3,2,'Craig Pawson'),
	(100110,111,108,1,2021,'2021-11-20','Villa Park',2,0,'Anthony Taylor'),
	(100111,118,112,1,2021,'2021-11-20','Turf Moor',3,3,'Simon Hooper'),
	(100112,110,102,1,2021,'2021-11-20','King Power Stadium',0,3,'Paul Tierney'),
	(100113,101,105,1,2021,'2021-11-20','Anfield',4,0,'Michael Oliver'),
	(100114,100,115,1,2021,'2021-11-21','Etihad Stadium',3,0,'Stuart Attwell'),
	(100115,116,113,1,2021,'2021-11-20','St. James''s Park',3,3,'Robert Jones'),
	(100116,119,109,1,2021,'2021-11-20','Carrow Road',2,1,'Martin Atkinson'),
	(100117,107,114,1,2021,'2021-11-21','Tottenham Hotspur Stadium',2,1,'Andre Marriner'),
	(100118,117,103,1,2021,'2021-11-20','Vicarage Road',4,1,'Jonathan Moss'),
	(100119,106,104,1,2021,'2021-11-20','Molineux Stadium',1,0,'Mike Dean'),
	(100120,105,116,1,2021,'2021-11-27','Emirates Stadium',2,0,'Stuart Attwell'),
	(100121,113,115,1,2021,'2021-11-28','Brentford Community Stadium',1,0,'England Darren'),
	(100122,108,114,1,2021,'2021-11-27','The American Express Community Stadium',0,0,'Craig Pawson'),
	(100123,118,107,1,2021,'2022-02-23','Turf Moor',0,0,'G. Scott'),
	(100124,102,103,1,2021,'2021-11-28','Stamford Bridge',1,1,'Anthony Taylor'),
	(100125,112,111,1,2021,'2021-11-27','Selhurst Park',1,2,'Salisbury Michael'),
	(100126,110,117,1,2021,'2021-11-28','King Power Stadium',4,2,'Andy Madley'),
	(100127,101,109,1,2021,'2021-11-27','Anfield',4,0,'Andre Marriner'),
	(100128,100,104,1,2021,'2021-11-28','Etihad Stadium',2,1,'Michael Oliver'),
	(100129,119,106,1,2021,'2021-11-27','Carrow Road',0,0,'Simon Hooper'),
	(100130,111,100,1,2021,'2021-12-01','Villa Park',1,2,'Mike Dean'),
	(100131,115,101,1,2021,'2021-12-01','Goodison Park',1,4,'Paul Tierney'),
	(100132,114,112,1,2021,'2021-11-30','Elland Road',1,0,'Kevin Friend'),
	(100133,117,102,1,2021,'2021-12-01','Vicarage Road',1,2,'David Coote'),
	(100134,104,108,1,2021,'2021-12-01','London Stadium',1,1,'Chris Kavanagh'),
	(100135,106,118,1,2021,'2021-12-01','Molineux Stadium',0,0,'John Brooks'),
	(100136,103,105,1,2021,'2021-12-02','Old Trafford',3,2,'Martin Atkinson'),
	(100137,116,119,1,2021,'2021-11-30','St. James''s Park',1,1,'Andy Madley'),
	(100138,109,110,1,2021,'2021-12-01','St. Mary''ss Stadium',2,2,'Robert Jones'),
	(100139,107,113,1,2021,'2021-12-02','Tottenham Hotspur Stadium',2,0,'Jonathan Moss'),
	(100140,111,110,1,2021,'2021-12-05','Villa Park',2,1,'Michael Oliver'),
	(100141,115,105,1,2021,'2021-12-06','Goodison Park',2,1,'Mike Dean'),
	(100142,114,113,1,2021,'2021-12-05','Elland Road',2,2,'David Coote'),
	(100143,103,112,1,2021,'2021-12-05','Old Trafford',1,0,'Craig Pawson'),
	(100144,116,118,1,2021,'2021-12-04','St. James''s Park',1,0,'Paul Tierney'),
	(100145,109,108,1,2021,'2021-12-04','St. Mary''ss Stadium',1,1,'Anthony Taylor'),
	(100146,107,119,1,2021,'2021-12-05','Tottenham Hotspur Stadium',3,0,'Jarred Gillett'),
	(100147,117,100,1,2021,'2021-12-04','Vicarage Road',1,3,'Kevin Friend'),
	(100148,104,102,1,2021,'2021-12-04','London Stadium',3,2,'Andre Marriner'),
	(100149,106,101,1,2021,'2021-12-04','Molineux Stadium',0,1,'Chris Kavanagh'),
	(100150,105,109,1,2021,'2021-12-11','Emirates Stadium',3,0,'Jarred Gillett'),
	(100151,113,117,1,2021,'2021-12-10','Brentford Community Stadium',2,1,'Michael Oliver'),
	(100152,108,107,1,2021,'2022-03-16','The American Express Community Stadium',0,0,'R. Jones'),
	(100153,118,104,1,2021,'2021-12-12','Turf Moor',0,0,'Graham Scott'),
	(100154,102,114,1,2021,'2021-12-11','Stamford Bridge',3,2,'Chris Kavanagh'),
	(100155,112,115,1,2021,'2021-12-12','Selhurst Park',3,1,'Andy Madley'),
	(100156,110,116,1,2021,'2021-12-12','King Power Stadium',4,0,'Peter Bankes'),
	(100157,101,111,1,2021,'2021-12-11','Anfield',1,0,'Stuart Attwell'),
	(100158,100,106,1,2021,'2021-12-11','Etihad Stadium',1,0,'Jonathan Moss'),
	(100159,119,103,1,2021,'2021-12-11','Carrow Road',0,1,'England Darren'),
	(100160,105,104,1,2021,'2021-12-15','Emirates Stadium',2,0,'Anthony Taylor'),
	(100161,113,103,1,2021,'2022-01-19','Brentford Community Stadium',1,3,'Andre Marriner'),
	(100162,108,106,1,2021,'2021-12-15','The American Express Community Stadium',0,1,'Tony Harrington'),
	(100163,118,117,1,2021,'2022-02-05','Turf Moor',0,0,'Craig Pawson'),
	(100164,110,107,1,2021,'2022-01-19','King Power Stadium',2,3,'Jonathan Moss'),
	(100165,119,111,1,2021,'2021-12-14','Carrow Road',0,2,'David Coote'),
	(100166,112,109,1,2021,'2021-12-15','Selhurst Park',2,2,'Simon Hooper'),
	(100167,102,115,1,2021,'2021-12-16','Stamford Bridge',1,1,'Michael Oliver'),
	(100168,101,116,1,2021,'2021-12-16','Anfield',3,1,'Mike Dean'),
	(100169,100,114,1,2021,'2021-12-14','Etihad Stadium',7,0,'Paul Tierney'),
	(100170,111,118,1,2021,'2021-12-18','Villa Park',0,0,'A. Madley'),
	(100171,115,110,1,2021,'2022-01-11','Goodison Park',0,0,'D. England'),
	(100172,114,105,1,2021,'2021-12-18','Elland Road',1,4,'Andre Marriner'),
	(100173,103,108,1,2021,'2022-02-15','Old Trafford',2,0,'Peter Bankes'),
	(100174,116,100,1,2021,'2021-12-19','St. James''s Park',0,4,'Martin Atkinson'),
	(100175,109,113,1,2021,'2022-01-11','St. Mary''ss Stadium',4,1,'Stuart Attwell'),
	(100176,107,101,1,2021,'2021-12-19','Tottenham Hotspur Stadium',2,2,'Paul Tierney'),
	(100177,117,112,1,2021,'2022-02-23','Vicarage Road',0,0,'A. Marriner'),
	(100178,104,119,1,2021,'2022-01-12','London Stadium',2,0,'Simon Hooper'),
	(100179,106,102,1,2021,'2021-12-19','Molineux Stadium',0,0,'David Coote'),
	(100180,111,102,1,2021,'2021-12-26','Villa Park',1,3,'Martin Atkinson'),
	(100181,108,113,1,2021,'2021-12-26','The American Express Community Stadium',2,0,'Andy Madley'),
	(100182,118,115,1,2021,'2021-12-26','Turf Moor',0,0,'A. Taylor'),
	(100183,101,114,1,2021,'2022-02-23','Anfield',0,0,'M. Oliver'),
	(100184,100,110,1,2021,'2021-12-26','Etihad Stadium',6,3,'Chris Kavanagh'),
	(100185,116,103,1,2021,'2021-12-27','St. James''s Park',1,1,'Craig Pawson'),
	(100186,119,105,1,2021,'2021-12-26','Carrow Road',0,5,'Graham Scott'),
	(100187,107,112,1,2021,'2021-12-26','Tottenham Hotspur Stadium',3,0,'Jonathan Moss'),
	(100188,104,109,1,2021,'2021-12-26','London Stadium',2,3,'Kevin Friend'),
	(100189,106,117,1,2021,'2022-03-10','Molineux Stadium',0,0,'J. Gillett'),
	(100190,105,106,1,2021,'2022-02-24','Emirates Stadium',0,0,'M. Atkinson'),
	(100191,113,100,1,2021,'2021-12-29','Brentford Community Stadium',0,1,'David Coote'),
	(100192,102,108,1,2021,'2021-12-29','Stamford Bridge',1,1,'Mike Dean'),
	(100193,112,119,1,2021,'2021-12-28','Selhurst Park',3,0,'Paul Tierney'),
	(100194,115,116,1,2021,'2022-03-17','Goodison Park',0,0,'G. Scott'),
	(100195,114,111,1,2021,'2022-03-10','Elland Road',0,0,'R. Jones'),
	(100196,110,101,1,2021,'2021-12-28','King Power Stadium',1,0,'Michael Oliver'),
	(100197,103,118,1,2021,'2021-12-30','Old Trafford',3,1,'Jonathan Moss'),
	(100198,109,107,1,2021,'2021-12-28','St. Mary''ss Stadium',1,1,'Anthony Taylor'),
	(100199,117,104,1,2021,'2021-12-28','Vicarage Road',1,4,'England Darren'),
	(100200,105,100,1,2021,'2022-01-01','Emirates Stadium',1,2,'Stuart Attwell'),
	(100201,113,111,1,2021,'2022-01-02','Brentford Community Stadium',2,1,'Craig Pawson'),
	(100202,102,101,1,2021,'2022-01-02','Stamford Bridge',2,2,'Anthony Taylor'),
	(100203,112,104,1,2021,'2022-01-01','Selhurst Park',2,3,'Michael Oliver'),
	(100204,115,108,1,2021,'2022-01-02','Goodison Park',2,3,'John Brooks'),
	(100205,114,118,1,2021,'2022-01-02','Elland Road',3,1,'Kevin Friend'),
	(100206,110,119,1,2021,'2022-01-01','King Power Stadium',0,0,'T. Harrington'),
	(100207,103,106,1,2021,'2022-01-03','Old Trafford',0,1,'Mike Dean'),
	(100208,109,116,1,2021,'2022-03-10','St. Mary''ss Stadium',0,0,'C. Kavanagh'),
	(100209,117,107,1,2021,'2022-01-01','Vicarage Road',0,1,'Robert Jones'),
	(100210,111,103,1,2021,'2022-01-15','Villa Park',2,2,'David Coote'),
	(100211,108,112,1,2021,'2022-01-14','The American Express Community Stadium',1,1,'Jarred Gillett'),
	(100212,118,110,1,2021,'2022-03-01','Turf Moor',0,0,'C. Kavanagh'),
	(100213,101,113,1,2021,'2022-01-16','Anfield',3,0,'Jonathan Moss'),
	(100214,100,102,1,2021,'2022-01-15','Etihad Stadium',1,0,'Craig Pawson'),
	(100215,116,117,1,2021,'2022-01-15','St. James''s Park',1,1,'Paul Tierney'),
	(100216,119,115,1,2021,'2022-01-15','Carrow Road',2,1,'Andy Madley'),
	(100217,107,105,1,2021,'2022-01-16','Tottenham Hotspur Stadium',0,0,'C. Kavanagh'),
	(100218,104,114,1,2021,'2022-01-16','London Stadium',2,3,'Mike Dean'),
	(100219,106,109,1,2021,'2022-01-15','Molineux Stadium',3,1,'Salisbury Michael'),
	(100220,105,118,1,2021,'2022-01-23','Emirates Stadium',0,0,'David Coote'),
	(100221,113,106,1,2021,'2022-01-22','Brentford Community Stadium',1,2,'Peter Bankes'),
	(100222,102,107,1,2021,'2022-01-23','Stamford Bridge',2,0,'Paul Tierney'),
	(100223,112,101,1,2021,'2022-01-23','Selhurst Park',1,3,'Kevin Friend'),
	(100224,115,111,1,2021,'2022-01-22','Goodison Park',0,1,'Craig Pawson'),
	(100225,114,116,1,2021,'2022-01-22','Elland Road',0,1,'Chris Kavanagh'),
	(100226,110,108,1,2021,'2022-01-23','King Power Stadium',1,1,'Martin Atkinson'),
	(100227,103,104,1,2021,'2022-01-22','Old Trafford',1,0,'Jonathan Moss'),
	(100228,109,100,1,2021,'2022-01-22','St. Mary''ss Stadium',1,1,'Simon Hooper'),
	(100229,117,119,1,2021,'2022-01-21','Vicarage Road',0,3,'Mike Dean'),
	(100230,111,114,1,2021,'2022-02-09','Villa Park',3,3,'Jarred Gillett'),
	(100231,108,102,1,2021,'2022-01-18','The American Express Community Stadium',1,1,'Kevin Friend'),
	(100232,118,103,1,2021,'2022-02-08','Turf Moor',1,1,'Mike Dean'),
	(100233,119,112,1,2021,'2022-02-09','Carrow Road',1,1,'Paul Tierney'),
	(100234,104,117,1,2021,'2022-02-08','London Stadium',1,0,'Martin Atkinson'),
	(100235,106,105,1,2021,'2022-02-10','Molineux Stadium',0,1,'Michael Oliver'),
	(100236,116,115,1,2021,'2022-02-08','St. James''s Park',3,1,'Anthony Taylor'),
	(100237,107,109,1,2021,'2022-02-09','Tottenham Hotspur Stadium',2,3,'David Coote'),
	(100238,101,110,1,2021,'2022-02-10','Anfield',2,0,'Chris Kavanagh'),
	(100239,100,113,1,2021,'2022-02-09','Etihad Stadium',2,0,'England Darren'),
	(100240,113,112,1,2021,'2022-02-12','Brentford Community Stadium',0,0,'Simon Hooper'),
	(100241,118,101,1,2021,'2022-02-13','Turf Moor',0,1,'Martin Atkinson'),
	(100242,102,105,1,2021,'2022-02-12','Stamford Bridge',0,0,'TBC'),
	(100243,115,114,1,2021,'2022-02-12','Goodison Park',3,0,'Graham Scott'),
	(100244,110,104,1,2021,'2022-02-13','King Power Stadium',2,2,'Michael Oliver'),
	(100245,103,109,1,2021,'2022-02-12','Old Trafford',1,1,'Stuart Attwell'),
	(100246,116,111,1,2021,'2022-02-13','St. James''s Park',1,0,'Craig Pawson'),
	(100247,119,100,1,2021,'2022-02-12','Carrow Road',0,4,'Andre Marriner'),
	(100248,107,106,1,2021,'2022-02-13','Tottenham Hotspur Stadium',0,2,'Kevin Friend'),
	(100249,117,108,1,2021,'2022-02-12','Vicarage Road',0,2,'Jonathan Moss'),
	(100250,105,113,1,2021,'2022-02-19','Emirates Stadium',2,1,'Jonathan Moss'),
	(100251,111,117,1,2021,'2022-02-19','Villa Park',0,1,'Robert Jones'),
	(100252,108,118,1,2021,'2022-02-19','The American Express Community Stadium',0,3,'Kevin Friend'),
	(100253,112,102,1,2021,'2022-02-19','Selhurst Park',0,1,'David Coote'),
	(100254,114,103,1,2021,'2022-02-20','Elland Road',2,4,'Paul Tierney'),
	(100255,101,119,1,2021,'2022-02-19','Anfield',3,1,'Mike Dean'),
	(100256,100,107,1,2021,'2022-02-19','Etihad Stadium',2,3,'Anthony Taylor'),
	(100257,109,115,1,2021,'2022-02-19','St. Mary''ss Stadium',2,0,'Andy Madley'),
	(100258,104,116,1,2021,'2022-02-19','London Stadium',1,1,'Chris Kavanagh'),
	(100259,106,110,1,2021,'2022-02-20','Molineux Stadium',2,1,'Craig Pawson'),
	(100260,105,101,1,2021,'2022-03-16','Emirates Stadium',0,0,'TBC'),
	(100261,113,116,1,2021,'2022-02-26','Brentford Community Stadium',0,0,'TBC'),
	(100262,108,111,1,2021,'2022-02-26','The American Express Community Stadium',0,0,'J. Brooks'),
	(100263,102,110,1,2021,'2022-02-27','Stamford Bridge',0,0,'TBC'),
	(100264,112,118,1,2021,'2022-02-26','Selhurst Park',0,0,'J. Moss'),
	(100265,115,100,1,2021,'2022-02-26','Goodison Park',0,0,'P. Tierney'),
	(100266,114,107,1,2021,'2022-02-26','Elland Road',0,0,'C. Pawson'),
	(100267,103,117,1,2021,'2022-02-26','Old Trafford',0,0,'K. Friend'),
	(100268,109,119,1,2021,'2022-02-25','St. Mary''ss Stadium',0,0,'S. Hooper'),
	(100269,104,106,1,2021,'2022-02-27','London Stadium',0,0,'A. Taylor'),
	(100270,111,109,1,2021,'2022-03-05','Villa Park',0,0,'TBC'),
	(100271,118,102,1,2021,'2022-03-05','Turf Moor',0,0,'TBC'),
	(100272,110,114,1,2021,'2022-03-05','King Power Stadium',0,0,'TBC'),
	(100273,101,104,1,2021,'2022-03-05','Anfield',0,0,'TBC'),
	(100274,100,103,1,2021,'2022-03-06','Etihad Stadium',0,0,'TBC'),
	(100275,116,108,1,2021,'2022-03-05','St. James''s Park',0,0,'TBC'),
	(100276,119,113,1,2021,'2022-03-05','Carrow Road',0,0,'TBC'),
	(100277,107,115,1,2021,'2022-03-07','Tottenham Hotspur Stadium',0,0,'TBC'),
	(100278,117,105,1,2021,'2022-03-06','Vicarage Road',0,0,'TBC'),
	(100279,106,112,1,2021,'2022-03-05','Molineux Stadium',0,0,'TBC'),
	(100280,105,110,1,2021,'2022-03-13','Emirates Stadium',0,0,'TBC'),
	(100281,113,118,1,2021,'2022-03-12','Brentford Community Stadium',0,0,'TBC'),
	(100282,108,101,1,2021,'2022-03-12','The American Express Community Stadium',0,0,'TBC'),
	(100283,102,116,1,2021,'2022-03-13','Stamford Bridge',0,0,'TBC'),
	(100284,112,100,1,2021,'2022-03-14','Selhurst Park',0,0,'TBC'),
	(100285,115,106,1,2021,'2022-03-13','Goodison Park',0,0,'TBC'),
	(100286,114,119,1,2021,'2022-03-13','Elland Road',0,0,'TBC'),
	(100287,103,107,1,2021,'2022-03-12','Old Trafford',0,0,'TBC'),
	(100288,109,117,1,2021,'2022-03-13','St. Mary''ss Stadium',0,0,'TBC'),
	(100289,104,111,1,2021,'2022-03-13','London Stadium',0,0,'TBC'),
	(100290,111,105,1,2021,'2022-03-19','Villa Park',0,0,'TBC'),
	(100291,118,109,1,2021,'2022-03-19','Turf Moor',0,0,'TBC'),
	(100292,110,113,1,2021,'2022-03-19','King Power Stadium',0,0,'TBC'),
	(100293,101,103,1,2021,'2022-03-20','Anfield',0,0,'TBC'),
	(100294,100,108,1,2021,'2022-03-19','Etihad Stadium',0,0,'TBC'),
	(100295,116,112,1,2021,'2022-03-20','St. James''s Park',0,0,'TBC'),
	(100296,119,102,1,2021,'2022-03-19','Carrow Road',0,0,'TBC'),
	(100297,107,104,1,2021,'2022-03-20','Tottenham Hotspur Stadium',0,0,'TBC'),
	(100298,117,115,1,2021,'2022-03-20','Vicarage Road',0,0,'TBC'),
	(100299,106,114,1,2021,'2022-03-18','Molineux Stadium',0,0,'TBC'),
	(100300,108,119,1,2021,'2022-04-02','The American Express Community Stadium',0,0,'TBC'),
	(100301,118,100,1,2021,'2022-04-02','Turf Moor',0,0,'TBC'),
	(100302,102,113,1,2021,'2022-04-02','Stamford Bridge',0,0,'TBC'),
	(100303,112,105,1,2021,'2022-04-02','Selhurst Park',0,0,'TBC'),
	(100304,114,109,1,2021,'2022-04-02','Elland Road',0,0,'TBC'),
	(100305,101,117,1,2021,'2022-04-02','Anfield',0,0,'TBC'),
	(100306,103,110,1,2021,'2022-04-02','Old Trafford',0,0,'TBC'),
	(100307,107,116,1,2021,'2022-04-02','Tottenham Hotspur Stadium',0,0,'TBC'),
	(100308,104,115,1,2021,'2022-04-02','London Stadium',0,0,'TBC'),
	(100309,106,111,1,2021,'2022-04-02','Molineux Stadium',0,0,'TBC'),
	(100310,105,108,1,2021,'2022-04-09','Emirates Stadium',0,0,'TBC'),
	(100311,111,107,1,2021,'2022-04-09','Villa Park',0,0,'TBC'),
	(100312,113,104,1,2021,'2022-04-09','Brentford Community Stadium',0,0,'TBC'),
	(100313,115,103,1,2021,'2022-04-09','Goodison Park',0,0,'TBC'),
	(100314,110,112,1,2021,'2022-04-09','King Power Stadium',0,0,'TBC'),
	(100315,100,101,1,2021,'2022-04-09','Etihad Stadium',0,0,'TBC'),
	(100316,116,106,1,2021,'2022-04-09','St. James''s Park',0,0,'TBC'),
	(100317,119,118,1,2021,'2022-04-09','Carrow Road',0,0,'TBC'),
	(100318,109,102,1,2021,'2022-04-09','St. Mary''ss Stadium',0,0,'TBC'),
	(100319,117,114,1,2021,'2022-04-09','Vicarage Road',0,0,'TBC'),
	(100320,111,101,1,2021,'2022-04-16','Villa Park',0,0,'TBC'),
	(100321,115,112,1,2021,'2022-04-16','Goodison Park',0,0,'TBC'),
	(100322,114,102,1,2021,'2022-04-16','Elland Road',0,0,'TBC'),
	(100323,103,119,1,2021,'2022-04-16','Old Trafford',0,0,'TBC'),
	(100324,116,110,1,2021,'2022-04-16','St. James''s Park',0,0,'TBC'),
	(100325,109,105,1,2021,'2022-04-16','St. Mary''ss Stadium',0,0,'TBC'),
	(100326,107,108,1,2021,'2022-04-16','Tottenham Hotspur Stadium',0,0,'TBC'),
	(100327,117,113,1,2021,'2022-04-16','Vicarage Road',0,0,'TBC'),
	(100328,104,118,1,2021,'2022-04-16','London Stadium',0,0,'TBC'),
	(100329,106,100,1,2021,'2022-04-16','Molineux Stadium',0,0,'TBC'),
	(100330,105,103,1,2021,'2022-04-23','Emirates Stadium',0,0,'TBC'),
	(100331,113,107,1,2021,'2022-04-23','Brentford Community Stadium',0,0,'TBC'),
	(100332,108,109,1,2021,'2022-04-23','The American Express Community Stadium',0,0,'TBC'),
	(100333,118,106,1,2021,'2022-04-23','Turf Moor',0,0,'TBC'),
	(100334,102,104,1,2021,'2022-04-23','Stamford Bridge',0,0,'TBC'),
	(100335,112,114,1,2021,'2022-04-23','Selhurst Park',0,0,'TBC'),
	(100336,110,111,1,2021,'2022-04-23','King Power Stadium',0,0,'TBC'),
	(100337,101,115,1,2021,'2022-04-23','Anfield',0,0,'TBC'),
	(100338,100,117,1,2021,'2022-04-23','Etihad Stadium',0,0,'TBC'),
	(100339,119,116,1,2021,'2022-04-23','Carrow Road',0,0,'TBC'),
	(100340,111,119,1,2021,'2022-04-30','Villa Park',0,0,'TBC'),
	(100341,115,102,1,2021,'2022-04-30','Goodison Park',0,0,'TBC'),
	(100342,114,100,1,2021,'2022-04-30','Elland Road',0,0,'TBC'),
	(100343,103,113,1,2021,'2022-04-30','Old Trafford',0,0,'TBC'),
	(100344,116,101,1,2021,'2022-04-30','St. James''s Park',0,0,'TBC'),
	(100345,109,112,1,2021,'2022-04-30','St. Mary''ss Stadium',0,0,'TBC'),
	(100346,107,110,1,2021,'2022-04-30','Tottenham Hotspur Stadium',0,0,'TBC'),
	(100347,117,118,1,2021,'2022-04-30','Vicarage Road',0,0,'TBC'),
	(100348,104,105,1,2021,'2022-04-30','London Stadium',0,0,'TBC'),
	(100349,106,108,1,2021,'2022-04-30','Molineux Stadium',0,0,'TBC'),
	(100350,105,114,1,2021,'2022-05-07','Emirates Stadium',0,0,'TBC'),
	(100351,113,109,1,2021,'2022-05-07','Brentford Community Stadium',0,0,'TBC'),
	(100352,108,103,1,2021,'2022-05-07','The American Express Community Stadium',0,0,'TBC'),
	(100353,118,111,1,2021,'2022-05-07','Turf Moor',0,0,'TBC'),
	(100354,102,106,1,2021,'2022-05-07','Stamford Bridge',0,0,'TBC'),
	(100355,112,117,1,2021,'2022-05-07','Selhurst Park',0,0,'TBC'),
	(100356,110,115,1,2021,'2022-05-07','King Power Stadium',0,0,'TBC'),
	(100357,101,107,1,2021,'2022-05-07','Anfield',0,0,'TBC'),
	(100358,100,116,1,2021,'2022-05-07','Etihad Stadium',0,0,'TBC'),
	(100359,119,104,1,2021,'2022-05-07','Carrow Road',0,0,'TBC'),
	(100360,111,112,1,2021,'2022-05-15','Villa Park',0,0,'TBC'),
	(100361,115,113,1,2021,'2022-05-15','Goodison Park',0,0,'TBC'),
	(100362,114,108,1,2021,'2022-05-15','Elland Road',0,0,'TBC'),
	(100363,103,102,1,2021,'2022-05-15','Old Trafford',0,0,'TBC'),
	(100364,116,105,1,2021,'2022-05-15','St. James''s Park',0,0,'TBC'),
	(100365,109,101,1,2021,'2022-05-15','St. Mary''ss Stadium',0,0,'TBC'),
	(100366,107,118,1,2021,'2022-05-15','Tottenham Hotspur Stadium',0,0,'TBC'),
	(100367,117,110,1,2021,'2022-05-15','Vicarage Road',0,0,'TBC'),
	(100368,104,100,1,2021,'2022-05-15','London Stadium',0,0,'TBC'),
	(100369,106,119,1,2021,'2022-05-15','Molineux Stadium',0,0,'TBC'),
	(100370,105,115,1,2021,'2022-05-22','Emirates Stadium',0,0,'TBC'),
	(100371,113,114,1,2021,'2022-05-22','Brentford Community Stadium',0,0,'TBC'),
	(100372,108,104,1,2021,'2022-05-22','The American Express Community Stadium',0,0,'TBC'),
	(100373,118,116,1,2021,'2022-05-22','Turf Moor',0,0,'TBC'),
	(100374,102,117,1,2021,'2022-05-22','Stamford Bridge',0,0,'TBC'),
	(100375,112,103,1,2021,'2022-05-22','Selhurst Park',0,0,'TBC'),
	(100376,110,109,1,2021,'2022-05-22','King Power Stadium',0,0,'TBC'),
	(100377,101,106,1,2021,'2022-05-22','Anfield',0,0,'TBC'),
	(100378,100,111,1,2021,'2022-05-22','Etihad Stadium',0,0,'TBC'),
	(100379,119,107,1,2021,'2022-05-22','Carrow Road',0,0,'TBC'),
	(100380,138,120,2,2021,'2021-08-14','Estadio de Mendizorroza',1,4,'Cesar Soto Grado'),
	(100381,123,126,2,2021,'2021-08-15','Camp Nou',4,2,'Alejandro Hernandez'),
	(100382,129,124,2,2021,'2021-08-15','Abanca-Balaodos',1,2,'Jose Luis Munuera Montero'),
	(100383,135,122,2,2021,'2021-08-14','Iberostar Estadi',1,1,'Antonio Mateu'),
	(100384,137,139,2,2021,'2021-08-14','Estadio Nuevo Mirandilla',1,1,'Santiago Jaime Latre'),
	(100385,128,133,2,2021,'2021-08-14','Estadio El Sadar',0,0,'Miguel Angel Ortiz Arias'),
	(100386,121,130,2,2021,'2021-08-15','Estadio Ramon Sonchez Pizjuon',3,0,'Isidro Diaz de Mera Escuderos'),
	(100387,131,134,2,2021,'2021-08-13','Estadio de Mestalla',1,0,'Jesus Gil Manzano'),
	(100388,125,136,2,2021,'2021-08-16','Estadio de la Ceromica',0,0,'Pablo Gonzales Fuertes'),
	(100389,132,127,2,2021,'2021-08-16','Estadio Manuel Martonez Valero',0,0,'Adrian Cordero Vega'),
	(100390,138,135,2,2021,'2021-08-21','Estadio de Mendizorroza',0,1,'Alejandro Muniz Ruiz'),
	(100391,127,123,2,2021,'2021-08-21','San Mamos Barria',1,1,'Juan Martinez Munuera'),
	(100392,124,132,2,2021,'2021-08-22','Estadio Wanda Metropolitano',1,0,'Ricardo De Burgos Bengoetxea'),
	(100393,122,137,2,2021,'2021-08-20','Estadio Benito Villamaron',1,1,'Valentin Pizarro Gomez'),
	(100394,134,121,2,2021,'2021-08-23','Coliseum Alfonso Porez',0,1,'Jose Maria Sanchez Martinez'),
	(100395,136,131,2,2021,'2021-08-21','Estadio Nuevo Los Cormenes',1,1,'Carlos Del Cerro Grande'),
	(100396,133,125,2,2021,'2021-08-21','RCDE Stadium',0,0,'Jorge Figueroa Vazquez'),
	(100397,139,120,2,2021,'2021-08-22','Estadio Ciudad de Valencia',3,3,'Guillermo Cuadra Fernandez'),
	(100398,128,129,2,2021,'2021-08-23','Estadio El Sadar',0,0,'Javier Alberola Rojas'),
	(100399,126,130,2,2021,'2021-08-22','Reale Arena',1,0,'Santiago Jaime Latre'),
	(100400,124,125,2,2021,'2021-08-29','Estadio Wanda Metropolitano',2,2,'Cesar Soto Grado'),
	(100401,123,134,2,2021,'2021-08-29','Camp Nou',2,1,'Pablo Gonzales Fuertes'),
	(100402,122,120,2,2021,'2021-08-28','Estadio Benito Villamaron',0,1,'Alejandro Hernandez'),
	(100403,129,127,2,2021,'2021-08-28','Abanca-Balaodos',0,1,'Antonio Mateu'),
	(100404,135,133,2,2021,'2021-08-27','Iberostar Estadi',1,0,'Isidro Diaz de Mera Escuderos'),
	(100405,137,128,2,2021,'2021-08-29','Estadio Nuevo Mirandilla',2,3,'Adrian Cordero Vega'),
	(100406,126,139,2,2021,'2021-08-28','Reale Arena',1,0,'Jose Luis Munuera Montero'),
	(100407,131,138,2,2021,'2021-08-27','Estadio de Mestalla',3,0,'Miguel Angel Ortiz Arias'),
	(100408,130,136,2,2021,'2021-08-29','Estadio de Vallecas',4,0,'Jesus Gil Manzano'),
	(100409,132,121,2,2021,'2021-08-28','Estadio Manuel Martonez Valero',1,1,'Valentin Pizarro Gomez'),
	(100410,127,135,2,2021,'2021-09-11','San Mamos Barria',2,0,'Jorge Figueroa Vazquez'),
	(100411,134,132,2,2021,'2021-09-13','Coliseum Alfonso Porez',0,1,'Mario Melero Lopez'),
	(100412,137,126,2,2021,'2021-09-12','Estadio Nuevo Mirandilla',0,2,'Alejandro Muniz Ruiz'),
	(100413,136,122,2,2021,'2021-09-13','Estadio Nuevo Los Cormenes',1,2,'Guillermo Cuadra Fernandez'),
	(100414,133,124,2,2021,'2021-09-12','RCDE Stadium',1,2,'Juan Martinez Munuera'),
	(100415,139,130,2,2021,'2021-09-11','Estadio Ciudad de Valencia',1,1,'Javier Alberola Rojas'),
	(100416,128,131,2,2021,'2021-09-12','Estadio El Sadar',1,4,'Ricardo De Burgos Bengoetxea'),
	(100417,120,129,2,2021,'2021-09-12','Estadio Santiago Bernabou',5,2,'Jose Maria Sanchez Martinez'),
	(100418,121,123,2,2021,'2021-12-21','Estadio Ramon Sonchez Pizjuon',1,1,'Carlos Del Cerro Grande'),
	(100419,125,138,2,2021,'2021-12-21','Estadio de la Ceromica',5,2,'Valentin Pizarro Gomez'),
	(100420,138,128,2,2021,'2021-09-18','Estadio de Mendizorroza',0,2,'Alejandro Hernandez'),
	(100421,124,127,2,2021,'2021-09-18','Estadio Wanda Metropolitano',0,0,'Jesus Gil Manzano'),
	(100422,123,136,2,2021,'2021-09-20','Camp Nou',1,1,'Santiago Jaime Latre'),
	(100423,122,133,2,2021,'2021-09-19','Estadio Benito Villamaron',2,2,'Cesar Soto Grado'),
	(100424,129,137,2,2021,'2021-09-17','Abanca-Balaodos',1,2,'Isidro Diaz de Mera Escuderos'),
	(100425,135,125,2,2021,'2021-09-19','Iberostar Estadi',0,0,'Carlos Del Cerro Grande'),
	(100426,126,121,2,2021,'2021-09-19','Reale Arena',0,0,'Antonio Mateu'),
	(100427,131,120,2,2021,'2021-09-19','Estadio de Mestalla',1,2,'Pablo Gonzales Fuertes'),
	(100428,130,134,2,2021,'2021-09-18','Estadio de Vallecas',3,0,'Adrian Cordero Vega'),
	(100429,132,139,2,2021,'2021-09-18','Estadio Manuel Martonez Valero',1,1,'Miguel Angel Ortiz Arias'),
	(100430,127,130,2,2021,'2021-09-21','San Mamos Barria',1,2,'Jose Luis Munuera Montero'),
	(100431,134,124,2,2021,'2021-09-21','Coliseum Alfonso Porez',1,2,'Guillermo Cuadra Fernandez'),
	(100432,137,123,2,2021,'2021-09-23','Estadio Nuevo Mirandilla',0,0,'Carlos Del Cerro Grande'),
	(100433,136,126,2,2021,'2021-09-23','Estadio Nuevo Los Cormenes',2,3,'Valentin Pizarro Gomez'),
	(100434,133,138,2,2021,'2021-09-22','RCDE Stadium',1,0,'Mario Melero Lopez'),
	(100435,139,129,2,2021,'2021-09-21','Estadio Ciudad de Valencia',0,2,'Jorge Figueroa Vazquez'),
	(100436,128,122,2,2021,'2021-09-23','Estadio El Sadar',1,3,'Juan Martinez Munuera'),
	(100437,120,135,2,2021,'2021-09-22','Estadio Santiago Bernabou',6,1,'Javier Alberola Rojas'),
	(100438,121,131,2,2021,'2021-09-22','Estadio Ramon Sonchez Pizjuon',3,1,'Jose Maria Sanchez Martinez'),
	(100439,125,132,2,2021,'2021-09-22','Estadio de la Ceromica',4,1,'Alejandro Muniz Ruiz'),
	(100440,138,124,2,2021,'2021-09-25','Estadio de Mendizorroza',1,0,'Antonio Mateu'),
	(100441,123,139,2,2021,'2021-09-26','Camp Nou',3,0,'Isidro Diaz de Mera Escuderos'),
	(100442,122,134,2,2021,'2021-09-26','Estadio Benito Villamaron',2,0,'Santiago Jaime Latre'),
	(100443,129,136,2,2021,'2021-09-27','Abanca-Balaodos',1,0,'Cesar Soto Grado'),
	(100444,135,128,2,2021,'2021-09-26','Iberostar Estadi',2,3,'Miguel Angel Ortiz Arias'),
	(100445,120,125,2,2021,'2021-09-25','Estadio Santiago Bernabou',0,0,'Jesus Gil Manzano'),
	(100446,126,132,2,2021,'2021-09-26','Reale Arena',1,0,'Adrian Cordero Vega'),
	(100447,121,133,2,2021,'2021-09-25','Estadio Ramon Sonchez Pizjuon',2,0,'Pablo Gonzales Fuertes'),
	(100448,131,127,2,2021,'2021-09-25','Estadio de Mestalla',1,1,'Alejandro Hernandez'),
	(100449,130,137,2,2021,'2021-09-26','Estadio de Vallecas',3,1,'Ricardo De Burgos Bengoetxea'),
	(100450,127,138,2,2021,'2021-10-01','San Mamos Barria',1,0,'Carlos Del Cerro Grande'),
	(100451,124,123,2,2021,'2021-10-02','Estadio Wanda Metropolitano',2,0,'Juan Martinez Munuera'),
	(100452,135,139,2,2021,'2021-10-02','Iberostar Estadi',1,0,'Alejandro Muniz Ruiz'),
	(100453,134,126,2,2021,'2021-10-03','Coliseum Alfonso Porez',1,1,'Jorge Figueroa Vazquez'),
	(100454,137,131,2,2021,'2021-10-02','Estadio Nuevo Mirandilla',0,0,'Valentin Pizarro Gomez'),
	(100455,136,121,2,2021,'2021-10-03','Estadio Nuevo Los Cormenes',1,0,'Javier Alberola Rojas'),
	(100456,133,120,2,2021,'2021-10-03','RCDE Stadium',2,1,'Guillermo Cuadra Fernandez'),
	(100457,128,130,2,2021,'2021-10-02','Estadio El Sadar',1,0,'Mario Melero Lopez'),
	(100458,125,122,2,2021,'2021-10-03','Estadio de la Ceromica',2,0,'Jose Maria Sanchez Martinez'),
	(100459,132,129,2,2021,'2021-10-03','Estadio Manuel Martonez Valero',1,0,'Jose Luis Munuera Montero'),
	(100460,138,122,2,2021,'2021-10-18','Estadio de Mendizorroza',0,1,'Miguel Angel Ortiz Arias'),
	(100461,123,131,2,2021,'2021-10-17','Camp Nou',3,1,'Jesus Gil Manzano'),
	(100462,129,121,2,2021,'2021-10-17','Abanca-Balaodos',0,1,'Ricardo De Burgos Bengoetxea'),
	(100463,136,124,2,2021,'2021-12-22','Estadio Nuevo Los Cormenes',2,1,'Alejandro Hernandez'),
	(100464,133,137,2,2021,'2021-10-18','RCDE Stadium',2,0,'Antonio Mateu'),
	(100465,139,134,2,2021,'2021-10-16','Estadio Ciudad de Valencia',0,0,'Mario Melero Lopez'),
	(100466,120,127,2,2021,'2021-12-01','Estadio Santiago Bernabou',1,0,'Isidro Diaz de Mera Escuderos'),
	(100467,126,135,2,2021,'2021-10-16','Reale Arena',1,0,'Pablo Gonzales Fuertes'),
	(100468,130,132,2,2021,'2021-10-17','Estadio de Vallecas',2,1,'Santiago Jaime Latre'),
	(100469,125,128,2,2021,'2021-10-17','Estadio de la Ceromica',1,2,'Adrian Cordero Vega'),
	(100470,127,125,2,2021,'2021-10-23','San Mamos Barria',2,1,'Guillermo Cuadra Fernandez'),
	(100471,124,126,2,2021,'2021-10-24','Estadio Wanda Metropolitano',2,2,'Jose Luis Munuera Montero'),
	(100472,123,120,2,2021,'2021-10-24','Camp Nou',1,2,'Jose Maria Sanchez Martinez'),
	(100473,122,130,2,2021,'2021-10-24','Estadio Benito Villamaron',3,2,'Ricardo De Burgos Bengoetxea'),
	(100474,134,129,2,2021,'2021-10-25','Coliseum Alfonso Porez',0,3,'Juan Martinez Munuera'),
	(100475,137,138,2,2021,'2021-10-23','Estadio Nuevo Mirandilla',0,2,'Javier Alberola Rojas'),
	(100476,128,136,2,2021,'2021-10-22','Estadio El Sadar',1,1,'Alejandro Muniz Ruiz'),
	(100477,121,139,2,2021,'2021-10-24','Estadio Ramon Sonchez Pizjuon',5,3,'Valentin Pizarro Gomez'),
	(100478,131,135,2,2021,'2021-10-23','Estadio de Mestalla',2,2,'Carlos Del Cerro Grande'),
	(100479,132,133,2,2021,'2021-10-23','Estadio Manuel Martonez Valero',2,2,'Jorge Figueroa Vazquez'),
	(100480,138,132,2,2021,'2021-10-26','Estadio de Mendizorroza',1,0,'Jesus Gil Manzano'),
	(100481,122,131,2,2021,'2021-10-27','Estadio Benito Villamaron',4,1,'Isidro Diaz de Mera Escuderos'),
	(100482,129,126,2,2021,'2021-10-28','Abanca-Balaodos',0,2,'Mario Melero Lopez'),
	(100483,135,121,2,2021,'2021-10-27','Visit Mallorca Estadi',1,1,'Santiago Jaime Latre'),
	(100484,136,134,2,2021,'2021-10-28','Estadio Nuevo Los Cormenes',1,1,'Adrian Cordero Vega'),
	(100485,133,127,2,2021,'2021-10-26','RCDE Stadium',1,1,'Miguel Angel Ortiz Arias'),
	(100486,139,124,2,2021,'2021-10-28','Estadio Ciudad de Valencia',2,2,'Pablo Gonzales Fuertes'),
	(100487,120,128,2,2021,'2021-10-27','Estadio Santiago Bernabou',0,0,'Cesar Soto Grado'),
	(100488,130,123,2,2021,'2021-10-27','Estadio de Vallecas',1,0,'Antonio Mateu'),
	(100489,125,137,2,2021,'2021-10-26','Estadio de la Ceromica',3,3,'Alejandro Hernandez'),
	(100490,124,122,2,2021,'2021-10-31','Estadio Wanda Metropolitano',3,0,'Javier Alberola Rojas'),
	(100491,123,138,2,2021,'2021-10-30','Camp Nou',1,1,'Jorge Figueroa Vazquez'),
	(100492,134,133,2,2021,'2021-10-31','Coliseum Alfonso Porez',2,1,'Alejandro Muniz Ruiz'),
	(100493,137,135,2,2021,'2021-10-31','Estadio Nuevo Mirandilla',1,1,'Valentin Pizarro Gomez'),
	(100494,139,136,2,2021,'2021-11-01','Estadio Ciudad de Valencia',0,3,'Jose Maria Sanchez Martinez'),
	(100495,126,127,2,2021,'2021-10-31','Reale Arena',1,1,'Juan Martinez Munuera'),
	(100496,121,128,2,2021,'2021-10-30','Estadio Ramon Sonchez Pizjuon',2,0,'Carlos Del Cerro Grande'),
	(100497,131,125,2,2021,'2021-10-30','Estadio de Mestalla',2,0,'Jose Luis Munuera Montero'),
	(100498,130,129,2,2021,'2021-11-01','Estadio de Vallecas',0,0,'Guillermo Cuadra Fernandez'),
	(100499,132,120,2,2021,'2021-10-30','Estadio Manuel Martonez Valero',1,2,'Ricardo De Burgos Bengoetxea'),
	(100500,138,139,2,2021,'2021-11-06','Estadio de Mendizorroza',2,1,'Adrian Cordero Vega'),
	(100501,127,137,2,2021,'2021-11-05','San Mamos Barria',0,1,'Santiago Jaime Latre'),
	(100502,122,121,2,2021,'2021-11-07','Estadio Benito Villamaron',0,2,'Antonio Mateu'),
	(100503,129,123,2,2021,'2021-11-06','Abanca-Balaodos',3,3,'Alejandro Hernandez'),
	(100504,135,132,2,2021,'2021-11-07','Visit Mallorca Estadi',2,2,'Mario Melero Lopez'),
	(100505,133,136,2,2021,'2021-11-06','RCDE Stadium',2,0,'Isidro Diaz de Mera Escuderos'),
	(100506,128,126,2,2021,'2021-11-07','Estadio El Sadar',0,2,'Miguel Angel Ortiz Arias'),
	(100507,120,130,2,2021,'2021-11-06','Estadio Santiago Bernabou',2,1,'Pablo Gonzales Fuertes'),
	(100508,131,124,2,2021,'2021-11-07','Estadio de Mestalla',3,3,'Cesar Soto Grado'),
	(100509,125,134,2,2021,'2021-11-07','Estadio de la Ceromica',1,0,'Jesus Gil Manzano'),
	(100510,124,128,2,2021,'2021-11-20','Estadio Wanda Metropolitano',1,0,'Jose Maria Sanchez Martinez'),
	(100511,123,133,2,2021,'2021-11-20','Camp Nou',1,0,'Carlos Del Cerro Grande'),
	(100512,129,125,2,2021,'2021-11-20','Abanca-Balaodos',1,1,'Javier Alberola Rojas'),
	(100513,134,137,2,2021,'2021-11-21','Coliseum Alfonso Porez',4,0,'Ricardo De Burgos Bengoetxea'),
	(100514,136,120,2,2021,'2021-11-21','Estadio Nuevo Los Cormenes',1,4,'Juan Martinez Munuera'),
	(100515,139,127,2,2021,'2021-11-19','Estadio Ciudad de Valencia',0,0,'Jose Luis Munuera Montero'),
	(100516,126,131,2,2021,'2021-11-21','Reale Arena',0,0,'Mario Melero Lopez'),
	(100517,121,138,2,2021,'2021-11-20','Estadio Ramon Sonchez Pizjuon',2,2,'Alejandro Muniz Ruiz'),
	(100518,130,135,2,2021,'2021-11-22','Estadio de Vallecas',3,1,'Jorge Figueroa Vazquez'),
	(100519,132,122,2,2021,'2021-11-21','Estadio Manuel Martonez Valero',0,3,'Valentin Pizarro Gomez'),
	(100520,138,129,2,2021,'2021-11-27','Estadio de Mendizorroza',1,2,'Pablo Gonzales Fuertes'),
	(100521,127,136,2,2021,'2021-11-26','San Mamos Barria',2,2,'Adrian Cordero Vega'),
	(100522,122,139,2,2021,'2021-11-28','Estadio Benito Villamaron',3,1,'Miguel Angel Ortiz Arias'),
	(100523,135,134,2,2021,'2021-11-27','Visit Mallorca Estadi',0,0,'Santiago Jaime Latre'),
	(100524,137,124,2,2021,'2021-11-28','Estadio Nuevo Mirandilla',1,4,'Jesus Gil Manzano'),
	(100525,133,126,2,2021,'2021-11-28','RCDE Stadium',1,0,'Antonio Mateu'),
	(100526,128,132,2,2021,'2021-11-29','Estadio El Sadar',1,1,'Isidro Diaz de Mera Escuderos'),
	(100527,120,121,2,2021,'2021-11-28','Estadio Santiago Bernabou',2,1,'Jose Maria Sanchez Martinez'),
	(100528,131,130,2,2021,'2021-11-27','Estadio de Mestalla',1,1,'Alejandro Hernandez'),
	(100529,125,123,2,2021,'2021-11-27','Estadio de la Ceromica',1,3,'Cesar Soto Grado'),
	(100530,124,135,2,2021,'2021-12-04','Estadio Wanda Metropolitano',1,2,'Juan Martinez Munuera'),
	(100531,123,122,2,2021,'2021-12-04','Camp Nou',0,1,'Pablo Gonzales Fuertes'),
	(100532,129,131,2,2021,'2021-12-05','Abanca-Balaodos',1,2,'Ricardo De Burgos Bengoetxea'),
	(100533,134,127,2,2021,'2021-12-06','Coliseum Alfonso Porez',0,0,'Jorge Figueroa Vazquez'),
	(100534,136,138,2,2021,'2021-12-03','Estadio Nuevo Los Cormenes',2,1,'Javier Alberola Rojas'),
	(100535,139,128,2,2021,'2021-12-05','Estadio Ciudad de Valencia',0,0,'Valentin Pizarro Gomez'),
	(100536,126,120,2,2021,'2021-12-04','Reale Arena',0,2,'Jesus Gil Manzano'),
	(100537,121,125,2,2021,'2021-12-04','Estadio Ramon Sonchez Pizjuon',1,0,'Carlos Del Cerro Grande'),
	(100538,130,133,2,2021,'2021-12-05','Estadio de Vallecas',1,0,'Jose Luis Munuera Montero'),
	(100539,132,137,2,2021,'2021-12-05','Estadio Manuel Martonez Valero',3,1,'Alejandro Muniz Ruiz'),
	(100540,138,134,2,2021,'2021-12-11','Estadio de Mendizorroza',1,1,'Cesar Soto Grado'),
	(100541,127,121,2,2021,'2021-12-11','San Mamos Barria',0,1,'Alejandro Hernandez'),
	(100542,122,126,2,2021,'2021-12-12','Estadio Benito Villamaron',4,0,'Jose Maria Sanchez Martinez'),
	(100543,135,129,2,2021,'2021-12-10','Visit Mallorca Estadi',0,0,'Isidro Diaz de Mera Escuderos'),
	(100544,137,136,2,2021,'2021-12-13','Estadio Nuevo Mirandilla',1,1,'Miguel Angel Ortiz Arias'),
	(100545,133,139,2,2021,'2021-12-11','RCDE Stadium',4,3,'Adrian Cordero Vega'),
	(100546,128,123,2,2021,'2021-12-12','Estadio El Sadar',2,2,'Juan Martinez Munuera'),
	(100547,120,124,2,2021,'2021-12-12','Estadio Santiago Bernabou',2,0,'Antonio Mateu'),
	(100548,131,132,2,2021,'2021-12-11','Estadio de Mestalla',2,1,'Santiago Jaime Latre'),
	(100549,125,130,2,2021,'2021-12-12','Estadio de la Ceromica',2,0,'Mario Melero Lopez'),
	(100550,127,122,2,2021,'2021-12-19','San Mamos Barria',3,2,'Jesus Gil Manzano'),
	(100551,123,132,2,2021,'2021-12-18','Camp Nou',3,2,'Javier Alberola Rojas'),
	(100552,129,133,2,2021,'2021-12-17','Abanca-Balaodos',3,1,'Valentin Pizarro Gomez'),
	(100553,134,128,2,2021,'2021-12-19','Coliseum Alfonso Porez',1,0,'Jose Luis Munuera Montero'),
	(100554,136,135,2,2021,'2021-12-19','Estadio Nuevo Los Cormenes',4,1,'Alejandro Muniz Ruiz'),
	(100555,139,131,2,2021,'2021-12-20','Estadio Ciudad de Valencia',3,4,'Pablo Gonzales Fuertes'),
	(100556,120,137,2,2021,'2021-12-19','Estadio Santiago Bernabou',0,0,'Santiago Jaime Latre'),
	(100557,126,125,2,2021,'2021-12-18','Reale Arena',1,3,'Jorge Figueroa Vazquez'),
	(100558,121,124,2,2021,'2021-12-18','Estadio Ramon Sonchez Pizjuon',2,1,'Ricardo De Burgos Bengoetxea'),
	(100559,130,138,2,2021,'2021-12-18','Estadio de Vallecas',2,0,'Juan Martinez Munuera'),
	(100560,138,126,2,2021,'2022-01-02','Estadio de Mendizorroza',1,1,'Carlos Del Cerro Grande'),
	(100561,124,130,2,2021,'2022-01-02','Estadio Wanda Metropolitano',2,0,'Jorge Figueroa Vazquez'),
	(100562,122,129,2,2021,'2022-01-02','Estadio Benito Villamaron',0,2,'Cesar Soto Grado'),
	(100563,135,123,2,2021,'2022-01-02','Visit Mallorca Estadi',0,1,'Antonio Mateu'),
	(100564,134,120,2,2021,'2022-01-02','Coliseum Alfonso Porez',1,0,'Mario Melero Lopez'),
	(100565,137,121,2,2021,'2022-01-03','Estadio Nuevo Mirandilla',0,1,'Guillermo Cuadra Fernandez'),
	(100566,128,127,2,2021,'2022-01-03','Estadio El Sadar',1,3,'Miguel Angel Ortiz Arias'),
	(100567,131,133,2,2021,'2021-12-31','Estadio de Mestalla',1,2,'Jose Maria Sanchez Martinez'),
	(100568,125,139,2,2021,'2022-01-03','Estadio de la Ceromica',5,0,'Alejandro Hernandez'),
	(100569,132,136,2,2021,'2022-01-02','Estadio Manuel Martonez Valero',0,0,'Adrian Cordero Vega'),
	(100570,138,127,2,2021,'2022-01-09','Estadio de Mendizorroza',0,0,'Santiago Jaime Latre'),
	(100571,136,123,2,2021,'2022-01-08','Estadio Nuevo Los Cormenes',1,1,'Pablo Gonzales Fuertes'),
	(100572,133,132,2,2021,'2022-01-10','RCDE Stadium',1,2,'Jesus Gil Manzano'),
	(100573,139,135,2,2021,'2022-01-08','Estadio Ciudad de Valencia',2,0,'Jorge Figueroa Vazquez'),
	(100574,128,137,2,2021,'2022-01-09','Estadio El Sadar',2,0,'Ricardo De Burgos Bengoetxea'),
	(100575,120,131,2,2021,'2022-01-08','Estadio Santiago Bernabou',4,1,'Alejandro Hernandez'),
	(100576,126,129,2,2021,'2022-01-08','Reale Arena',1,0,'Guillermo Cuadra Fernandez'),
	(100577,121,134,2,2021,'2022-01-09','Estadio Ramon Sonchez Pizjuon',1,0,'Juan Martinez Munuera'),
	(100578,130,122,2,2021,'2022-01-09','Estadio de Vallecas',1,1,'Alejandro Muniz Ruiz'),
	(100579,125,124,2,2021,'2022-01-09','Estadio de la Ceromica',2,2,'Javier Alberola Rojas'),
	(100580,127,120,2,2021,'2021-12-22','San Mamos Barria',1,2,'Cesar Soto Grado'),
	(100581,124,139,2,2021,'2022-02-16','Estadio Wanda Metropolitano',0,1,'Jose Luis Munuera Montero'),
	(100582,123,130,2,2021,'2022-01-19','Camp Nou',0,0,'TBC'),
	(100583,122,138,2,2021,'2022-01-18','Estadio Benito Villamaron',4,0,'Jose Maria Sanchez Martinez'),
	(100584,129,128,2,2021,'2022-01-19','Abanca-Balaodos',2,0,'Adrian Cordero Vega'),
	(100585,135,126,2,2021,'2022-03-02','Visit Mallorca Estadi',0,0,'TBC'),
	(100586,134,136,2,2021,'2022-01-20','Coliseum Alfonso Porez',4,2,'Isidro Diaz de Mera Escuderos'),
	(100587,137,133,2,2021,'2022-01-18','Estadio Nuevo Mirandilla',2,2,'Alejandro Muniz Ruiz'),
	(100588,131,121,2,2021,'2022-01-19','Estadio de Mestalla',1,1,'Guillermo Cuadra Fernandez'),
	(100589,132,125,2,2021,'2022-01-16','Estadio Manuel Martonez Valero',1,0,'Valentin Pizarro Gomez'),
	(100590,138,123,2,2021,'2022-01-23','Estadio de Mendizorroza',0,1,'Jorge Figueroa Vazquez'),
	(100591,124,131,2,2021,'2022-01-22','Estadio Wanda Metropolitano',3,2,'Isidro Diaz de Mera Escuderos'),
	(100592,136,128,2,2021,'2022-01-23','Estadio Nuevo Los Cormenes',0,2,'Santiago Jaime Latre'),
	(100593,133,122,2,2021,'2022-01-21','RCDE Stadium',1,4,'Javier Alberola Rojas'),
	(100594,139,137,2,2021,'2022-01-22','Estadio Ciudad de Valencia',0,2,'Cesar Soto Grado'),
	(100595,120,132,2,2021,'2022-01-23','Estadio Santiago Bernabou',2,2,'Ricardo De Burgos Bengoetxea'),
	(100596,126,134,2,2021,'2022-01-23','Reale Arena',0,0,'Jose Luis Munuera Montero'),
	(100597,121,129,2,2021,'2022-01-22','Estadio Ramon Sonchez Pizjuon',2,2,'Jose Maria Sanchez Martinez'),
	(100598,130,127,2,2021,'2022-01-23','Estadio de Vallecas',0,1,'Adrian Cordero Vega'),
	(100599,125,135,2,2021,'2022-01-22','Estadio de la Ceromica',3,0,'Miguel Angel Ortiz Arias'),
	(100600,127,133,2,2021,'2022-02-07','San Mamos Barria',2,1,'Juan Martinez Munuera'),
	(100601,123,124,2,2021,'2022-02-06','Camp Nou',4,2,'Jesus Gil Manzano'),
	(100602,122,125,2,2021,'2022-02-06','Estadio Benito Villamaron',0,2,'Pablo Gonzales Fuertes'),
	(100603,129,130,2,2021,'2022-02-05','Abanca-Balaodos',2,0,'Jose Luis Munuera Montero'),
	(100604,135,137,2,2021,'2022-02-05','Visit Mallorca Estadi',2,1,'Carlos Del Cerro Grande'),
	(100605,134,139,2,2021,'2022-02-04','Coliseum Alfonso Porez',3,0,'Alejandro Muniz Ruiz'),
	(100606,128,121,2,2021,'2022-02-05','Estadio El Sadar',0,0,'Valentin Pizarro Gomez'),
	(100607,120,136,2,2021,'2022-02-06','Estadio Santiago Bernabou',1,0,'Antonio Mateu'),
	(100608,131,126,2,2021,'2022-02-06','Estadio de Mestalla',0,0,'Jose Maria Sanchez Martinez'),
	(100609,132,138,2,2021,'2022-02-05','Estadio Manuel Martonez Valero',3,1,'Mario Melero Lopez'),
	(100610,138,131,2,2021,'2022-02-13','Estadio de Mendizorroza',2,1,'Adrian Cordero Vega'),
	(100611,124,134,2,2021,'2022-02-12','Estadio Wanda Metropolitano',4,3,'Ricardo De Burgos Bengoetxea'),
	(100612,135,127,2,2021,'2022-02-14','Visit Mallorca Estadi',3,2,'Isidro Diaz de Mera Escuderos'),
	(100613,137,129,2,2021,'2022-02-12','Estadio Nuevo Mirandilla',0,0,'Antonio Mateu'),
	(100614,133,123,2,2021,'2022-02-13','RCDE Stadium',2,2,'Alejandro Hernandez'),
	(100615,139,122,2,2021,'2022-02-13','Estadio Ciudad de Valencia',2,4,'Santiago Jaime Latre'),
	(100616,126,136,2,2021,'2022-02-13','Reale Arena',2,0,'Antonio Alberola Rojas'),
	(100617,121,132,2,2021,'2022-02-11','Estadio Ramon Sonchez Pizjuon',2,0,'Miguel Angel Ortiz Arias'),
	(100618,130,128,2,2021,'2022-02-12','Estadio de Vallecas',0,3,'Jorge Figueroa Vazquez'),
	(100619,125,120,2,2021,'2022-02-12','Estadio de la Ceromica',0,0,'Jose Maria Sanchez Martinez'),
	(100620,127,126,2,2021,'2022-02-20','San Mamos Barria',4,0,'Juan Martinez Munuera'),
	(100621,122,135,2,2021,'2022-02-20','Estadio Benito Villamaron',2,1,'Cesar Soto Grado'),
	(100622,129,139,2,2021,'2022-02-21','Abanca-Balaodos',1,1,'Valentin Pizarro Gomez'),
	(100623,137,134,2,2021,'2022-02-19','Estadio Nuevo Mirandilla',1,1,'Antonio Alberola Rojas'),
	(100624,136,125,2,2021,'2022-02-19','Estadio Nuevo Los Cormenes',1,4,'Jesus Gil Manzano'),
	(100625,133,121,2,2021,'2022-02-20','RCDE Stadium',1,1,'Pablo Gonzales Fuertes'),
	(100626,128,124,2,2021,'2022-02-19','Estadio El Sadar',0,3,'Mario Melero Lopez'),
	(100627,120,138,2,2021,'2022-02-19','Estadio Santiago Bernabou',3,0,'Jose Luis Munuera Montero'),
	(100628,131,123,2,2021,'2022-02-20','Estadio de Mestalla',1,4,'Carlos Del Cerro Grande'),
	(100629,132,130,2,2021,'2022-02-18','Estadio Manuel Martonez Valero',2,1,'Alejandro Muniz Ruiz'),
	(100630,124,129,2,2021,'2022-02-26','Estadio Wanda Metropolitano',0,0,'TBC'),
	(100631,123,127,2,2021,'2022-02-27','Camp Nou',0,0,'TBC'),
	(100632,135,131,2,2021,'2022-02-26','Visit Mallorca Estadi',0,0,'TBC'),
	(100633,134,138,2,2021,'2022-02-26','Coliseum Alfonso Porez',0,0,'TBC'),
	(100634,136,137,2,2021,'2022-02-28','Estadio Nuevo Los Cormenes',0,0,'TBC'),
	(100635,139,132,2,2021,'2022-02-25','Estadio Ciudad de Valencia',0,0,'TBC'),
	(100636,126,128,2,2021,'2022-02-27','Reale Arena',0,0,'TBC'),
	(100637,121,122,2,2021,'2022-02-27','Estadio Ramon Sonchez Pizjuon',0,0,'TBC'),
	(100638,130,120,2,2021,'2022-02-26','Estadio de Vallecas',0,0,'TBC'),
	(100639,125,133,2,2021,'2022-02-27','Estadio de la Ceromica',0,0,'TBC'),
	(100640,138,121,2,2021,'2022-03-04','Estadio de Mendizorroza',0,0,'TBC'),
	(100641,127,139,2,2021,'2022-03-07','San Mamos Barria',0,0,'TBC'),
	(100642,122,124,2,2021,'2022-03-06','Estadio Benito Villamaron',0,0,'TBC'),
	(100643,129,135,2,2021,'2022-03-06','Abanca-Balaodos',0,0,'TBC'),
	(100644,137,130,2,2021,'2022-03-06','Estadio Nuevo Mirandilla',0,0,'TBC'),
	(100645,133,134,2,2021,'2022-03-05','RCDE Stadium',0,0,'TBC'),
	(100646,128,125,2,2021,'2022-03-05','Estadio El Sadar',0,0,'TBC'),
	(100647,120,126,2,2021,'2022-03-05','Estadio Santiago Bernabou',0,0,'TBC'),
	(100648,131,136,2,2021,'2022-03-05','Estadio de Mestalla',0,0,'TBC'),
	(100649,132,123,2,2021,'2022-03-06','Estadio Manuel Martonez Valero',0,0,'TBC'),
	(100650,124,137,2,2021,'2022-03-13','Estadio Wanda Metropolitano',0,0,'TBC'),
	(100651,123,128,2,2021,'2022-03-13','Camp Nou',0,0,'TBC'),
	(100652,122,127,2,2021,'2022-03-13','Estadio Benito Villamaron',0,0,'TBC'),
	(100653,135,120,2,2021,'2022-03-13','Visit Mallorca Estadi',0,0,'TBC'),
	(100654,134,131,2,2021,'2022-03-13','Coliseum Alfonso Porez',0,0,'TBC'),
	(100655,136,132,2,2021,'2022-03-13','Estadio Nuevo Los Cormenes',0,0,'TBC'),
	(100656,139,133,2,2021,'2022-03-13','Estadio Ciudad de Valencia',0,0,'TBC'),
	(100657,126,138,2,2021,'2022-03-13','Reale Arena',0,0,'TBC'),
	(100658,130,121,2,2021,'2022-03-13','Estadio de Vallecas',0,0,'TBC'),
	(100659,125,129,2,2021,'2022-03-13','Estadio de la Ceromica',0,0,'TBC'),
	(100660,138,136,2,2021,'2022-03-20','Estadio de Mendizorroza',0,0,'TBC'),
	(100661,127,134,2,2021,'2022-03-20','San Mamos Barria',0,0,'TBC'),
	(100662,129,122,2,2021,'2022-03-20','Abanca-Balaodos',0,0,'TBC'),
	(100663,137,125,2,2021,'2022-03-20','Estadio Nuevo Mirandilla',0,0,'TBC'),
	(100664,133,135,2,2021,'2022-03-20','RCDE Stadium',0,0,'TBC'),
	(100665,128,139,2,2021,'2022-03-20','Estadio El Sadar',0,0,'TBC'),
	(100666,120,123,2,2021,'2022-03-20','Estadio Santiago Bernabou',0,0,'TBC'),
	(100667,121,126,2,2021,'2022-03-20','Estadio Ramon Sonchez Pizjuon',0,0,'TBC'),
	(100668,130,124,2,2021,'2022-03-20','Estadio de Vallecas',0,0,'TBC'),
	(100669,132,131,2,2021,'2022-03-20','Estadio Manuel Martonez Valero',0,0,'TBC'),
	(100670,127,132,2,2021,'2022-04-03','San Mamos Barria',0,0,'TBC'),
	(100671,124,138,2,2021,'2022-04-03','Estadio Wanda Metropolitano',0,0,'TBC'),
	(100672,123,121,2,2021,'2022-04-03','Camp Nou',0,0,'TBC'),
	(100673,122,128,2,2021,'2022-04-03','Estadio Benito Villamaron',0,0,'TBC'),
	(100674,129,120,2,2021,'2022-04-03','Abanca-Balaodos',0,0,'TBC'),
	(100675,134,135,2,2021,'2022-04-03','Coliseum Alfonso Porez',0,0,'TBC'),
	(100676,136,130,2,2021,'2022-04-03','Estadio Nuevo Los Cormenes',0,0,'TBC'),
	(100677,139,125,2,2021,'2022-04-03','Estadio Ciudad de Valencia',0,0,'TBC'),
	(100678,126,133,2,2021,'2022-04-03','Reale Arena',0,0,'TBC'),
	(100679,131,137,2,2021,'2022-04-03','Estadio de Mestalla',0,0,'TBC'),
	(100680,135,124,2,2021,'2022-04-10','Visit Mallorca Estadi',0,0,'TBC'),
	(100681,137,122,2,2021,'2022-04-10','Estadio Nuevo Mirandilla',0,0,'TBC'),
	(100682,133,129,2,2021,'2022-04-10','RCDE Stadium',0,0,'TBC'),
	(100683,139,123,2,2021,'2022-04-10','Estadio Ciudad de Valencia',0,0,'TBC'),
	(100684,128,138,2,2021,'2022-04-10','Estadio El Sadar',0,0,'TBC'),
	(100685,120,134,2,2021,'2022-04-10','Estadio Santiago Bernabou',0,0,'TBC'),
	(100686,121,136,2,2021,'2022-04-10','Estadio Ramon Sonchez Pizjuon',0,0,'TBC'),
	(100687,130,131,2,2021,'2022-04-10','Estadio de Vallecas',0,0,'TBC'),
	(100688,125,127,2,2021,'2022-04-10','Estadio de la Ceromica',0,0,'TBC'),
	(100689,132,126,2,2021,'2022-04-10','Estadio Manuel Martonez Valero',0,0,'TBC'),
	(100690,138,130,2,2021,'2022-04-17','Estadio de Mendizorroza',0,0,'TBC'),
	(100691,127,129,2,2021,'2022-04-17','San Mamos Barria',0,0,'TBC'),
	(100692,124,133,2,2021,'2022-04-17','Estadio Wanda Metropolitano',0,0,'TBC'),
	(100693,123,137,2,2021,'2022-04-17','Camp Nou',0,0,'TBC'),
	(100694,134,125,2,2021,'2022-04-17','Coliseum Alfonso Porez',0,0,'TBC'),
	(100695,136,139,2,2021,'2022-04-17','Estadio Nuevo Los Cormenes',0,0,'TBC'),
	(100696,126,122,2,2021,'2022-04-17','Reale Arena',0,0,'TBC'),
	(100697,121,120,2,2021,'2022-04-17','Estadio Ramon Sonchez Pizjuon',0,0,'TBC'),
	(100698,131,128,2,2021,'2022-04-17','Estadio de Mestalla',0,0,'TBC'),
	(100699,132,135,2,2021,'2022-04-17','Estadio Manuel Martonez Valero',0,0,'TBC'),
	(100700,124,136,2,2021,'2022-04-20','Estadio Wanda Metropolitano',0,0,'TBC'),
	(100701,122,132,2,2021,'2022-04-20','Estadio Benito Villamaron',0,0,'TBC'),
	(100702,129,134,2,2021,'2022-04-20','Abanca-Balaodos',0,0,'TBC'),
	(100703,135,138,2,2021,'2022-04-20','Visit Mallorca Estadi',0,0,'TBC'),
	(100704,137,127,2,2021,'2022-04-20','Estadio Nuevo Mirandilla',0,0,'TBC'),
	(100705,133,130,2,2021,'2022-04-20','RCDE Stadium',0,0,'TBC'),
	(100706,139,121,2,2021,'2022-04-20','Estadio Ciudad de Valencia',0,0,'TBC'),
	(100707,128,120,2,2021,'2022-04-20','Estadio El Sadar',0,0,'TBC'),
	(100708,126,123,2,2021,'2022-04-20','Reale Arena',0,0,'TBC'),
	(100709,125,131,2,2021,'2022-04-20','Estadio de la Ceromica',0,0,'TBC'),
	(100710,138,125,2,2021,'2022-05-01','Estadio de Mendizorroza',0,0,'TBC'),
	(100711,127,124,2,2021,'2022-05-01','San Mamos Barria',0,0,'TBC'),
	(100712,123,135,2,2021,'2022-05-01','Camp Nou',0,0,'TBC'),
	(100713,134,122,2,2021,'2022-05-01','Coliseum Alfonso Porez',0,0,'TBC'),
	(100714,136,129,2,2021,'2022-05-01','Estadio Nuevo Los Cormenes',0,0,'TBC'),
	(100715,120,133,2,2021,'2022-05-01','Estadio Santiago Bernabou',0,0,'TBC'),
	(100716,121,137,2,2021,'2022-05-01','Estadio Ramon Sonchez Pizjuon',0,0,'TBC'),
	(100717,131,139,2,2021,'2022-05-01','Estadio de Mestalla',0,0,'TBC'),
	(100718,130,126,2,2021,'2022-05-01','Estadio de Vallecas',0,0,'TBC'),
	(100719,132,128,2,2021,'2022-05-01','Estadio Manuel Martonez Valero',0,0,'TBC'),
	(100720,127,131,2,2021,'2022-05-08','San Mamos Barria',0,0,'TBC'),
	(100721,124,120,2,2021,'2022-05-08','Estadio Wanda Metropolitano',0,0,'TBC'),
	(100722,122,123,2,2021,'2022-05-08','Estadio Benito Villamaron',0,0,'TBC'),
	(100723,129,138,2,2021,'2022-05-08','Abanca-Balaodos',0,0,'TBC'),
	(100724,135,136,2,2021,'2022-05-08','Visit Mallorca Estadi',0,0,'TBC'),
	(100725,134,130,2,2021,'2022-05-08','Coliseum Alfonso Porez',0,0,'TBC'),
	(100726,137,132,2,2021,'2022-05-08','Estadio Nuevo Mirandilla',0,0,'TBC'),
	(100727,133,128,2,2021,'2022-05-08','RCDE Stadium',0,0,'TBC'),
	(100728,139,126,2,2021,'2022-05-08','Estadio Ciudad de Valencia',0,0,'TBC'),
	(100729,125,121,2,2021,'2022-05-08','Estadio de la Ceromica',0,0,'TBC'),
	(100730,138,133,2,2021,'2022-05-11','Estadio de Mendizorroza',0,0,'TBC'),
	(100731,123,129,2,2021,'2022-05-11','Camp Nou',0,0,'TBC'),
	(100732,136,127,2,2021,'2022-05-11','Estadio Nuevo Los Cormenes',0,0,'TBC'),
	(100733,128,134,2,2021,'2022-05-11','Estadio El Sadar',0,0,'TBC'),
	(100734,120,139,2,2021,'2022-05-11','Estadio Santiago Bernabou',0,0,'TBC'),
	(100735,126,137,2,2021,'2022-05-11','Reale Arena',0,0,'TBC'),
	(100736,121,135,2,2021,'2022-05-11','Estadio Ramon Sonchez Pizjuon',0,0,'TBC'),
	(100737,131,122,2,2021,'2022-05-11','Estadio de Mestalla',0,0,'TBC'),
	(100738,130,125,2,2021,'2022-05-11','Estadio de Vallecas',0,0,'TBC'),
	(100739,132,124,2,2021,'2022-05-11','Estadio Manuel Martonez Valero',0,0,'TBC'),
	(100740,127,128,2,2021,'2022-05-15','San Mamos Barria',0,0,'TBC'),
	(100741,124,121,2,2021,'2022-05-15','Estadio Wanda Metropolitano',0,0,'TBC'),
	(100742,122,136,2,2021,'2022-05-15','Estadio Benito Villamaron',0,0,'TBC'),
	(100743,129,132,2,2021,'2022-05-15','Abanca-Balaodos',0,0,'TBC'),
	(100744,135,130,2,2021,'2022-05-15','Visit Mallorca Estadi',0,0,'TBC'),
	(100745,134,123,2,2021,'2022-05-15','Coliseum Alfonso Porez',0,0,'TBC'),
	(100746,137,120,2,2021,'2022-05-15','Estadio Nuevo Mirandilla',0,0,'TBC'),
	(100747,133,131,2,2021,'2022-05-15','RCDE Stadium',0,0,'TBC'),
	(100748,139,138,2,2021,'2022-05-15','Estadio Ciudad de Valencia',0,0,'TBC'),
	(100749,125,126,2,2021,'2022-05-15','Estadio de la Ceromica',0,0,'TBC'),
	(100750,138,137,2,2021,'2022-05-22','Estadio de Mendizorroza',0,0,'TBC'),
	(100751,123,125,2,2021,'2022-05-22','Camp Nou',0,0,'TBC'),
	(100752,136,133,2,2021,'2022-05-22','Estadio Nuevo Los Cormenes',0,0,'TBC'),
	(100753,128,135,2,2021,'2022-05-22','Estadio El Sadar',0,0,'TBC'),
	(100754,120,122,2,2021,'2022-05-22','Estadio Santiago Bernabou',0,0,'TBC'),
	(100755,126,124,2,2021,'2022-05-22','Reale Arena',0,0,'TBC'),
	(100756,121,127,2,2021,'2022-05-22','Estadio Ramon Sonchez Pizjuon',0,0,'TBC'),
	(100757,131,129,2,2021,'2022-05-22','Estadio de Mestalla',0,0,'TBC'),
	(100758,130,139,2,2021,'2022-05-22','Estadio de Vallecas',0,0,'TBC'),
	(100759,132,134,2,2021,'2022-05-22','Estadio Manuel Martonez Valero',0,0,'TBC'),
	(100760,152,140,3,2021,'2021-08-13','Stadion im BORUSSIA-PARK',1,1,'Marco Fritz'),
	(100761,141,149,3,2021,'2021-08-14','Signal-Iduna-Park',5,2,'Tobias Stieler'),
	(100762,151,150,3,2021,'2021-08-14','VOLKSWAGEN ARENA',1,0,'Frank Willenborg'),
	(100763,148,142,3,2021,'2021-08-14','Stadion An der Alten Forsterei',1,1,'Tobias Reichel'),
	(100764,156,157,3,2021,'2021-08-14','Mercedes-Benz-Arena',5,1,'Felix Zwayer'),
	(100765,147,143,3,2021,'2021-08-15','MEWA ARENA',1,0,'Daniel Siebert'),
	(100766,155,144,3,2021,'2021-08-14','WWK Arena',0,4,'Felix Brych'),
	(100767,153,145,3,2021,'2021-08-14','SchocoArena',0,0,'Sven Jablonski'),
	(100768,146,154,3,2021,'2021-08-15','RheinEnergieStadion',3,1,'Robert Hartmann'),
	(100769,140,146,3,2021,'2021-08-22','Allianz Arena',3,2,'Martin Petersen'),
	(100770,143,156,3,2021,'2021-08-20','Red Bull Arena',4,0,'Florian Badstubner'),
	(100771,149,155,3,2021,'2021-08-21','Deutsche Bank Park',0,0,'Harm Osmers'),
	(100772,142,152,3,2021,'2021-08-21','BayArena',4,0,'Deniz Aytekin'),
	(100773,145,141,3,2021,'2021-08-21','Dreisamstadion',2,1,'Robert Schroder'),
	(100774,144,148,3,2021,'2021-08-22','PreZero Arena',2,2,'Sascha Stegemann'),
	(100775,154,151,3,2021,'2021-08-21','Olympiastadion Berlin',1,2,'Matthias Jollenbeck'),
	(100776,150,147,3,2021,'2021-08-21','Vonovia Ruhrstadion',2,0,'Patrick Ittrich'),
	(100777,157,153,3,2021,'2021-08-21','Sportpark Ronhof Thomas Sommer',1,1,'Daniel Schlager'),
	(100778,140,154,3,2021,'2021-08-28','Allianz Arena',5,0,'Sven Jablonski'),
	(100779,141,144,3,2021,'2021-08-27','Signal-Iduna-Park',3,2,'Felix Zwayer'),
	(100780,151,143,3,2021,'2021-08-29','VOLKSWAGEN ARENA',1,0,'Tobias Stieler'),
	(100781,148,152,3,2021,'2021-08-29','Stadion An der Alten Forsterei',2,1,'Felix Brych'),
	(100782,156,145,3,2021,'2021-08-28','Mercedes-Benz-Arena',2,3,'Frank Willenborg'),
	(100783,147,157,3,2021,'2021-08-28','MEWA ARENA',3,0,'Tobias Reichel'),
	(100784,155,142,3,2021,'2021-08-28','WWK Arena',1,4,'Benjamin Brand'),
	(100785,153,149,3,2021,'2021-08-28','SchocoArena',1,1,'Bastian Dankert'),
	(100786,146,150,3,2021,'2021-08-28','RheinEnergieStadion',2,1,'Benjamin Cortus'),
	(100787,143,140,3,2021,'2021-09-11','Red Bull Arena',1,4,'Deniz Aytekin'),
	(100788,149,156,3,2021,'2021-09-12','Deutsche Bank Park',1,1,'Matthias Jollenbeck'),
	(100789,142,141,3,2021,'2021-09-11','BayArena',3,4,'Daniel Siebert'),
	(100790,148,155,3,2021,'2021-09-11','Stadion An der Alten Forsterei',0,0,'Martin Petersen'),
	(100791,152,153,3,2021,'2021-09-12','Stadion im BORUSSIA-PARK',3,1,'Sascha Stegemann'),
	(100792,145,146,3,2021,'2021-09-11','Dreisamstadion',1,1,'Harm Osmers'),
	(100793,144,147,3,2021,'2021-09-11','PreZero Arena',0,2,'Marco Fritz'),
	(100794,150,154,3,2021,'2021-09-12','Vonovia Ruhrstadion',1,3,'Robert Schroder'),
	(100795,157,151,3,2021,'2021-09-11','Sportpark Ronhof Thomas Sommer',0,2,'Robert Hartmann'),
	(100796,140,150,3,2021,'2021-09-18','Allianz Arena',7,0,'Tobias Welz'),
	(100797,141,148,3,2021,'2021-09-19','Signal-Iduna-Park',4,2,'Sven Jablonski'),
	(100798,151,149,3,2021,'2021-09-19','VOLKSWAGEN ARENA',1,1,'Felix Zwayer'),
	(100799,156,142,3,2021,'2021-09-19','Mercedes-Benz-Arena',1,3,'Benjamin Cortus'),
	(100800,147,145,3,2021,'2021-09-18','MEWA ARENA',0,0,'Benjamin Brand'),
	(100801,155,152,3,2021,'2021-09-18','WWK Arena',1,0,'Florian Badstubner'),
	(100802,154,157,3,2021,'2021-09-17','Olympiastadion Berlin',2,1,'Tobias Stieler'),
	(100803,153,144,3,2021,'2021-09-18','SchocoArena',0,0,'Patrick Ittrich'),
	(100804,146,143,3,2021,'2021-09-18','RheinEnergieStadion',1,1,'Felix Brych'),
	(100805,143,154,3,2021,'2021-09-25','Red Bull Arena',6,0,'Sascha Stegemann'),
	(100806,149,146,3,2021,'2021-09-25','Deutsche Bank Park',1,1,'Martin Petersen'),
	(100807,142,147,3,2021,'2021-09-25','BayArena',1,0,'Bastian Dankert'),
	(100808,148,153,3,2021,'2021-09-25','Stadion An der Alten Forsterei',1,0,'Marco Fritz'),
	(100809,152,141,3,2021,'2021-09-25','Stadion im BORUSSIA-PARK',1,0,'Deniz Aytekin'),
	(100810,145,155,3,2021,'2021-09-26','Dreisamstadion',3,0,'Daniel Schlager'),
	(100811,144,151,3,2021,'2021-09-25','PreZero Arena',3,1,'Daniel Siebert'),
	(100812,150,156,3,2021,'2021-09-26','Vonovia Ruhrstadion',0,0,'Christian Dingert'),
	(100813,157,140,3,2021,'2021-09-24','Sportpark Ronhof Thomas Sommer',1,3,'Robert Schroder'),
	(100814,140,149,3,2021,'2021-10-03','Allianz Arena',1,2,'Florian Badstubner'),
	(100815,143,150,3,2021,'2021-10-02','Red Bull Arena',3,0,'Robert Hartmann'),
	(100816,141,155,3,2021,'2021-10-02','Signal-Iduna-Park',2,1,'Tobias Welz'),
	(100817,151,152,3,2021,'2021-10-02','VOLKSWAGEN ARENA',1,3,'Frank Willenborg'),
	(100818,156,144,3,2021,'2021-10-02','Mercedes-Benz-Arena',3,1,'Harm Osmers'),
	(100819,147,148,3,2021,'2021-10-03','MEWA ARENA',1,2,'Tobias Stieler'),
	(100820,154,145,3,2021,'2021-10-02','Olympiastadion Berlin',1,2,'Patrick Ittrich'),
	(100821,153,142,3,2021,'2021-10-03','SchocoArena',0,4,'Felix Zwayer'),
	(100822,146,157,3,2021,'2021-10-01','RheinEnergieStadion',3,1,'Matthias Jollenbeck'),
	(100823,141,147,3,2021,'2021-10-16','Signal-Iduna-Park',3,1,'Daniel Schlager'),
	(100824,149,154,3,2021,'2021-10-16','Deutsche Bank Park',1,2,'Deniz Aytekin'),
	(100825,142,140,3,2021,'2021-10-17','BayArena',1,5,'Sven Jablonski'),
	(100826,148,151,3,2021,'2021-10-16','Stadion An der Alten Forsterei',2,0,'Sascha Stegemann'),
	(100827,152,156,3,2021,'2021-10-16','Stadion im BORUSSIA-PARK',1,1,'Felix Brych'),
	(100828,145,143,3,2021,'2021-10-16','Europa-Park Stadion',1,1,'Daniel Siebert'),
	(100829,144,146,3,2021,'2021-10-15','PreZero Arena',5,0,'Tobias Reichel'),
	(100830,155,153,3,2021,'2021-10-17','WWK Arena',1,1,'Robert Schroder'),
	(100831,157,150,3,2021,'2021-10-16','Sportpark Ronhof Thomas Sommer',0,1,'Bastian Dankert'),
	(100832,140,144,3,2021,'2021-10-23','Allianz Arena',4,0,'Matthias Jollenbeck'),
	(100833,143,157,3,2021,'2021-10-23','Red Bull Arena',4,1,'Christian Dingert'),
	(100834,151,145,3,2021,'2021-10-23','VOLKSWAGEN ARENA',0,2,'Tobias Welz'),
	(100835,156,148,3,2021,'2021-10-24','Mercedes-Benz-Arena',1,1,'Florian Badstubner'),
	(100836,147,155,3,2021,'2021-10-22','MEWA ARENA',4,1,'Robert Hartmann'),
	(100837,154,152,3,2021,'2021-10-23','Olympiastadion Berlin',1,0,'Benjamin Cortus'),
	(100838,153,141,3,2021,'2021-10-23','SchocoArena',1,3,'Benjamin Brand'),
	(100839,146,142,3,2021,'2021-10-24','RheinEnergieStadion',2,2,'Felix Zwayer'),
	(100840,150,149,3,2021,'2021-10-24','Vonovia Ruhrstadion',2,0,'Marco Fritz'),
	(100841,141,146,3,2021,'2021-10-30','Signal-Iduna-Park',2,0,'Martin Petersen'),
	(100842,149,143,3,2021,'2021-10-30','Deutsche Bank Park',1,1,'Daniel Schlager'),
	(100843,142,151,3,2021,'2021-10-30','BayArena',0,2,'Deniz Aytekin'),
	(100844,148,140,3,2021,'2021-10-30','Stadion An der Alten Forsterei',2,5,'Harm Osmers'),
	(100845,152,150,3,2021,'2021-10-31','Stadion im BORUSSIA-PARK',2,1,'Tobias Reichel'),
	(100846,145,157,3,2021,'2021-10-30','Europa-Park Stadion',3,1,'Felix Brych'),
	(100847,144,154,3,2021,'2021-10-29','PreZero Arena',2,0,'Sven Jablonski'),
	(100848,155,156,3,2021,'2021-10-31','WWK Arena',4,1,'Patrick Ittrich'),
	(100849,153,147,3,2021,'2021-10-30','SchocoArena',1,2,'Bastian Dankert'),
	(100850,140,145,3,2021,'2021-11-06','Allianz Arena',2,1,'Sascha Stegemann'),
	(100851,143,141,3,2021,'2021-11-06','Red Bull Arena',2,1,'Felix Zwayer'),
	(100852,151,155,3,2021,'2021-11-06','VOLKSWAGEN ARENA',1,0,'Marco Fritz'),
	(100853,156,153,3,2021,'2021-11-06','Mercedes-Benz-Arena',0,1,'Christian Dingert'),
	(100854,147,152,3,2021,'2021-11-05','MEWA ARENA',1,1,'Robert Schroder'),
	(100855,154,142,3,2021,'2021-11-07','Olympiastadion Berlin',1,1,'Robert Hartmann'),
	(100856,146,148,3,2021,'2021-11-07','RheinEnergieStadion',2,2,'Tobias Stieler'),
	(100857,150,144,3,2021,'2021-11-06','Vonovia Ruhrstadion',2,0,'Frank Willenborg'),
	(100858,157,149,3,2021,'2021-11-07','Sportpark Ronhof Thomas Sommer',1,2,'Daniel Siebert'),
	(100859,141,156,3,2021,'2021-11-20','Signal-Iduna-Park',2,1,'Harm Osmers'),
	(100860,142,150,3,2021,'2021-11-20','BayArena',1,0,'Daniel Schlager'),
	(100861,148,154,3,2021,'2021-11-20','Stadion An der Alten Forsterei',2,0,'Felix Brych'),
	(100862,152,157,3,2021,'2021-11-20','Stadion im BORUSSIA-PARK',4,0,'Benjamin Brand'),
	(100863,145,149,3,2021,'2021-11-21','Europa-Park Stadion',0,2,'Florian Badstubner'),
	(100864,144,143,3,2021,'2021-11-20','PreZero Arena',2,0,'Tobias Welz'),
	(100865,147,146,3,2021,'2021-11-21','MEWA ARENA',1,1,'Deniz Aytekin'),
	(100866,155,140,3,2021,'2021-11-19','WWK Arena',2,1,'Daniel Siebert'),
	(100867,153,151,3,2021,'2021-11-20','SchocoArena',2,2,'Martin Petersen'),
	(100868,140,153,3,2021,'2021-11-27','Allianz Arena',1,0,'Marco Fritz'),
	(100869,143,142,3,2021,'2021-11-28','Red Bull Arena',1,3,'Benjamin Cortus'),
	(100870,151,141,3,2021,'2021-11-27','VOLKSWAGEN ARENA',1,3,'Sven Jablonski'),
	(100871,149,148,3,2021,'2021-11-28','Deutsche Bank Park',2,1,'Sascha Stegemann'),
	(100872,156,147,3,2021,'2021-11-26','Mercedes-Benz-Arena',2,1,'Matthias Jollenbeck'),
	(100873,154,155,3,2021,'2021-11-27','Olympiastadion Berlin',1,1,'Frank Willenborg'),
	(100874,146,152,3,2021,'2021-11-27','RheinEnergieStadion',4,1,'Robert Schroder'),
	(100875,150,145,3,2021,'2021-11-27','Vonovia Ruhrstadion',2,1,'Patrick Ittrich'),
	(100876,157,144,3,2021,'2021-11-27','Sportpark Ronhof Thomas Sommer',3,6,'Bastian Dankert'),
	(100877,141,140,3,2021,'2021-12-04','Signal-Iduna-Park',2,3,'Felix Zwayer'),
	(100878,142,157,3,2021,'2021-12-04','BayArena',7,1,'Tobias Reichel'),
	(100879,148,143,3,2021,'2021-12-03','Stadion An der Alten Forsterei',2,1,'Harm Osmers'),
	(100880,152,145,3,2021,'2021-12-05','Stadion im BORUSSIA-PARK',0,6,'Robert Hartmann'),
	(100881,156,154,3,2021,'2021-12-05','Mercedes-Benz-Arena',2,2,'Benjamin Brand'),
	(100882,144,149,3,2021,'2021-12-04','PreZero Arena',3,2,'Daniel Schlager'),
	(100883,147,151,3,2021,'2021-12-04','MEWA ARENA',3,0,'Florian Badstubner'),
	(100884,155,150,3,2021,'2021-12-04','WWK Arena',2,3,'Deniz Aytekin'),
	(100885,153,146,3,2021,'2021-12-04','SchocoArena',1,1,'Felix Brych'),
	(100886,140,147,3,2021,'2021-12-11','Allianz Arena',2,1,'Benjamin Cortus'),
	(100887,143,152,3,2021,'2021-12-11','Red Bull Arena',4,1,'Bastian Dankert'),
	(100888,151,156,3,2021,'2021-12-11','VOLKSWAGEN ARENA',0,2,'Sascha Stegemann'),
	(100889,149,142,3,2021,'2021-12-12','Deutsche Bank Park',5,2,'Sven Jablonski'),
	(100890,145,144,3,2021,'2021-12-11','Europa-Park Stadion',1,2,'Frank Willenborg'),
	(100891,154,153,3,2021,'2021-12-11','Olympiastadion Berlin',2,0,'Tobias Welz'),
	(100892,146,155,3,2021,'2021-12-10','RheinEnergieStadion',0,2,'Patrick Ittrich'),
	(100893,150,141,3,2021,'2021-12-11','Vonovia Ruhrstadion',1,1,'Matthias Jollenbeck'),
	(100894,157,148,3,2021,'2021-12-12','Sportpark Ronhof Thomas Sommer',1,0,'Marco Fritz'),
	(100895,141,157,3,2021,'2021-12-15','Signal-Iduna-Park',3,0,'Daniel Schlager'),
	(100896,151,146,3,2021,'2021-12-14','VOLKSWAGEN ARENA',2,3,'Robert Hartmann'),
	(100897,142,144,3,2021,'2021-12-15','BayArena',2,2,'Tobias Stieler'),
	(100898,148,145,3,2021,'2021-12-15','Stadion An der Alten Forsterei',0,0,'Deniz Aytekin'),
	(100899,152,149,3,2021,'2021-12-15','Stadion im BORUSSIA-PARK',2,3,'Martin Petersen'),
	(100900,156,140,3,2021,'2021-12-14','Mercedes-Benz-Arena',0,5,'Robert Schroder'),
	(100901,147,154,3,2021,'2021-12-14','MEWA ARENA',4,0,'Harm Osmers'),
	(100902,155,143,3,2021,'2021-12-15','WWK Arena',1,1,'Florian Badstubner'),
	(100903,153,150,3,2021,'2021-12-14','SchocoArena',2,0,'Benjamin Brand'),
	(100904,140,151,3,2021,'2021-12-17','Allianz Arena',4,0,'Tobias Welz'),
	(100905,143,153,3,2021,'2021-12-18','Red Bull Arena',0,2,'Frank Willenborg'),
	(100906,149,147,3,2021,'2021-12-18','Deutsche Bank Park',1,0,'Felix Brych'),
	(100907,145,142,3,2021,'2021-12-19','Europa-Park Stadion',2,1,'Benjamin Cortus'),
	(100908,144,152,3,2021,'2021-12-18','PreZero Arena',1,1,'Sven Jablonski'),
	(100909,154,141,3,2021,'2021-12-18','Olympiastadion Berlin',3,2,'Marco Fritz'),
	(100910,146,156,3,2021,'2021-12-19','RheinEnergieStadion',1,0,'Bastian Dankert'),
	(100911,150,148,3,2021,'2021-12-18','Vonovia Ruhrstadion',0,1,'Tobias Reichel'),
	(100912,157,155,3,2021,'2021-12-18','Sportpark Ronhof Thomas Sommer',0,0,'Sascha Stegemann'),
	(100913,140,152,3,2021,'2022-01-07','Allianz Arena',1,2,'Daniel Siebert'),
	(100914,143,147,3,2021,'2022-01-08','Red Bull Arena',4,1,'Deniz Aytekin'),
	(100915,149,141,3,2021,'2022-01-08','Deutsche Bank Park',2,3,'Robert Schroder'),
	(100916,142,148,3,2021,'2022-01-08','BayArena',2,2,'Matthias Jollenbeck'),
	(100917,145,153,3,2021,'2022-01-08','Europa-Park Stadion',2,2,'Harm Osmers'),
	(100918,144,155,3,2021,'2022-01-08','PreZero Arena',3,1,'Benjamin Cortus'),
	(100919,154,146,3,2021,'2022-01-09','Olympiastadion Berlin',1,3,'Tobias Stieler'),
	(100920,150,151,3,2021,'2022-01-09','Vonovia Ruhrstadion',1,0,'Daniel Schlager'),
	(100921,157,156,3,2021,'2022-01-08','Sportpark Ronhof Thomas Sommer',0,0,'Felix Brych'),
	(100922,141,145,3,2021,'2022-01-14','Signal-Iduna-Park',5,1,'Florian Badstubner'),
	(100923,151,154,3,2021,'2022-01-15','VOLKSWAGEN ARENA',0,0,'Robert Hartmann'),
	(100924,148,144,3,2021,'2022-01-15','Stadion An der Alten Forsterei',2,1,'Martin Petersen'),
	(100925,152,142,3,2021,'2022-01-15','Stadion im BORUSSIA-PARK',1,2,'Sascha Stegemann'),
	(100926,156,143,3,2021,'2022-01-15','Mercedes-Benz-Arena',0,2,'Daniel Schlager'),
	(100927,147,150,3,2021,'2022-01-15','MEWA ARENA',1,0,'Frank Willenborg'),
	(100928,155,149,3,2021,'2022-01-16','WWK Arena',1,1,'Sven Jablonski'),
	(100929,153,157,3,2021,'2022-01-16','SchocoArena',2,2,'Christian Dingert'),
	(100930,146,140,3,2021,'2022-01-15','RheinEnergieStadion',0,4,'Tobias Welz'),
	(100931,143,151,3,2021,'2022-01-23','Red Bull Arena',2,0,'Daniel Siebert'),
	(100932,149,153,3,2021,'2022-01-21','Deutsche Bank Park',0,2,'Tobias Reichel'),
	(100933,142,155,3,2021,'2022-01-22','BayArena',5,1,'Daniel Schlager'),
	(100934,152,148,3,2021,'2022-01-22','Stadion im BORUSSIA-PARK',1,2,'Felix Brych'),
	(100935,145,156,3,2021,'2022-01-22','Europa-Park Stadion',2,0,'Tobias Stieler'),
	(100936,144,141,3,2021,'2022-01-22','PreZero Arena',2,3,'Deniz Aytekin'),
	(100937,154,140,3,2021,'2022-01-23','Olympiastadion Berlin',1,4,'Bastian Dankert'),
	(100938,150,146,3,2021,'2022-01-22','Vonovia Ruhrstadion',2,2,'Matthias Jollenbeck'),
	(100939,157,147,3,2021,'2022-01-22','Sportpark Ronhof Thomas Sommer',2,1,'Robert Schroder'),
	(100940,140,143,3,2021,'2022-02-05','Allianz Arena',3,2,'Sven Jablonski'),
	(100941,141,142,3,2021,'2022-02-06','Signal-Iduna-Park',2,5,'Daniel Siebert'),
	(100942,151,157,3,2021,'2022-02-06','VOLKSWAGEN ARENA',4,1,'Martin Petersen'),
	(100943,156,149,3,2021,'2022-02-05','Mercedes-Benz-Arena',2,3,'Sascha Stegemann'),
	(100944,147,144,3,2021,'2022-02-05','MEWA ARENA',2,0,'Christian Dingert'),
	(100945,155,148,3,2021,'2022-02-05','WWK Arena',2,0,'Harm Osmers'),
	(100946,154,150,3,2021,'2022-02-04','Olympiastadion Berlin',1,1,'Marco Fritz'),
	(100947,153,152,3,2021,'2022-02-05','SchocoArena',1,1,'Benjamin Cortus'),
	(100948,146,145,3,2021,'2022-02-05','RheinEnergieStadion',1,0,'Felix Brych'),
	(100949,143,146,3,2021,'2022-02-11','Red Bull Arena',3,1,'Florian Badstubner'),
	(100950,149,151,3,2021,'2022-02-12','Deutsche Bank Park',0,2,'Frank Willenborg'),
	(100951,142,156,3,2021,'2022-02-12','BayArena',4,2,'Felix Brych'),
	(100952,148,141,3,2021,'2022-02-13','Stadion An der Alten Forsterei',0,3,'Matthias Jollenbeck'),
	(100953,152,155,3,2021,'2022-02-12','Stadion im BORUSSIA-PARK',3,2,'Tobias Welz'),
	(100954,145,147,3,2021,'2022-02-12','Europa-Park Stadion',1,1,'Deniz Aytekin'),
	(100955,144,153,3,2021,'2022-02-13','PreZero Arena',2,0,'Robert Hartmann'),
	(100956,150,140,3,2021,'2022-02-12','Vonovia Ruhrstadion',4,2,'Robert Schroder'),
	(100957,157,154,3,2021,'2022-02-12','Sportpark Ronhof Thomas Sommer',2,1,'Daniel Schlager'),
	(100958,140,157,3,2021,'2022-02-20','Allianz Arena',4,1,'Robert Hartmann'),
	(100959,141,152,3,2021,'2022-02-20','Signal-Iduna-Park',6,0,'Marco Fritz'),
	(100960,151,144,3,2021,'2022-02-19','VOLKSWAGEN ARENA',1,2,'Felix Zwayer'),
	(100961,156,150,3,2021,'2022-02-19','Mercedes-Benz-Arena',1,1,'Harm Osmers'),
	(100962,147,142,3,2021,'2022-02-18','MEWA ARENA',3,2,'Benjamin Cortus'),
	(100963,155,145,3,2021,'2022-02-19','WWK Arena',1,2,'Daniel Siebert'),
	(100964,154,143,3,2021,'2022-02-20','Olympiastadion Berlin',1,6,'Patrick Ittrich'),
	(100965,153,148,3,2021,'2022-02-19','SchocoArena',1,0,'Daniel Schlager'),
	(100966,146,149,3,2021,'2022-02-19','RheinEnergieStadion',1,0,'Christian Dingert'),
	(100967,149,140,3,2021,'2022-02-26','Deutsche Bank Park',0,0,'TBC'),
	(100968,142,153,3,2021,'2022-02-26','BayArena',0,0,'TBC'),
	(100969,148,147,3,2021,'2022-02-26','Stadion An der Alten Forsterei',0,0,'TBC'),
	(100970,152,151,3,2021,'2022-02-26','Stadion im BORUSSIA-PARK',0,0,'TBC'),
	(100971,145,154,3,2021,'2022-02-26','Europa-Park Stadion',0,0,'TBC'),
	(100972,144,156,3,2021,'2022-02-25','PreZero Arena',0,0,'TBC'),
	(100973,155,141,3,2021,'2022-02-27','WWK Arena',0,0,'TBC'),
	(100974,150,143,3,2021,'2022-02-27','Vonovia Ruhrstadion',0,0,'TBC'),
	(100975,157,146,3,2021,'2022-02-26','Sportpark Ronhof Thomas Sommer',0,0,'TBC'),
	(100976,140,142,3,2021,'2022-03-05','Allianz Arena',0,0,'TBC'),
	(100977,143,145,3,2021,'2022-03-05','Red Bull Arena',0,0,'TBC'),
	(100978,151,148,3,2021,'2022-03-05','VOLKSWAGEN ARENA',0,0,'TBC'),
	(100979,156,152,3,2021,'2022-03-05','Mercedes-Benz-Arena',0,0,'TBC'),
	(100980,147,141,3,2021,'2022-03-06','MEWA ARENA',0,0,'TBC'),
	(100981,154,149,3,2021,'2022-03-05','Olympiastadion Berlin',0,0,'TBC'),
	(100982,153,155,3,2021,'2022-03-04','SchocoArena',0,0,'TBC'),
	(100983,146,144,3,2021,'2022-03-06','RheinEnergieStadion',0,0,'TBC'),
	(100984,150,157,3,2021,'2022-03-05','Vonovia Ruhrstadion',0,0,'TBC'),
	(100985,141,153,3,2021,'2022-03-13','Signal-Iduna-Park',0,0,'TBC');
	INSERT INTO Matches (match_id, home_team_id, away_team_id, league_id, season, date_time, stadium, home_goals, away_goals, referee) VALUES
	(100986,149,150,3,2021,'2022-03-13','Deutsche Bank Park',0,0,'TBC'),
	(100987,142,146,3,2021,'2022-03-13','BayArena',0,0,'TBC'),
	(100988,148,156,3,2021,'2022-03-12','Stadion An der Alten Forsterei',0,0,'TBC'),
	(100989,152,154,3,2021,'2022-03-12','Stadion im BORUSSIA-PARK',0,0,'TBC'),
	(100990,145,151,3,2021,'2022-03-12','Europa-Park Stadion',0,0,'TBC'),
	(100991,144,140,3,2021,'2022-03-12','PreZero Arena',0,0,'TBC'),
	(100992,155,147,3,2021,'2022-03-12','WWK Arena',0,0,'TBC'),
	(100993,157,143,3,2021,'2022-03-13','Sportpark Ronhof Thomas Sommer',0,0,'TBC'),
	(100994,140,148,3,2021,'2022-03-19','Allianz Arena',0,0,'TBC'),
	(100995,143,149,3,2021,'2022-03-20','Red Bull Arena',0,0,'TBC'),
	(100996,151,142,3,2021,'2022-03-20','VOLKSWAGEN ARENA',0,0,'TBC'),
	(100997,156,155,3,2021,'2022-03-19','Mercedes-Benz-Arena',0,0,'TBC'),
	(100998,147,153,3,2021,'2022-03-19','MEWA ARENA',0,0,'TBC'),
	(100999,154,144,3,2021,'2022-03-19','Olympiastadion Berlin',0,0,'TBC'),
	(101000,146,141,3,2021,'2022-03-20','RheinEnergieStadion',0,0,'TBC'),
	(101001,150,152,3,2021,'2022-03-18','Vonovia Ruhrstadion',0,0,'TBC'),
	(101002,157,145,3,2021,'2022-03-19','Sportpark Ronhof Thomas Sommer',0,0,'TBC'),
	(101003,141,143,3,2021,'2022-04-02','Signal-Iduna-Park',0,0,'TBC'),
	(101004,149,157,3,2021,'2022-04-02','Deutsche Bank Park',0,0,'TBC'),
	(101005,142,154,3,2021,'2022-04-02','BayArena',0,0,'TBC'),
	(101006,148,146,3,2021,'2022-04-02','Stadion An der Alten Forsterei',0,0,'TBC'),
	(101007,152,147,3,2021,'2022-04-02','Stadion im BORUSSIA-PARK',0,0,'TBC'),
	(101008,145,140,3,2021,'2022-04-02','Schwarzwald-Stadion',0,0,'TBC'),
	(101009,144,150,3,2021,'2022-04-02','PreZero Arena',0,0,'TBC'),
	(101010,155,151,3,2021,'2022-04-02','WWK Arena',0,0,'TBC'),
	(101011,153,156,3,2021,'2022-04-02','SchocoArena',0,0,'TBC'),
	(101012,140,155,3,2021,'2022-04-09','Allianz Arena',0,0,'TBC'),
	(101013,143,144,3,2021,'2022-04-09','Red Bull Arena',0,0,'TBC'),
	(101014,151,153,3,2021,'2022-04-09','VOLKSWAGEN ARENA',0,0,'TBC'),
	(101015,149,145,3,2021,'2022-04-09','Deutsche Bank Park',0,0,'TBC'),
	(101016,156,141,3,2021,'2022-04-09','Mercedes-Benz-Arena',0,0,'TBC'),
	(101017,154,148,3,2021,'2022-04-09','Olympiastadion Berlin',0,0,'TBC'),
	(101018,146,147,3,2021,'2022-04-09','RheinEnergieStadion',0,0,'TBC'),
	(101019,150,142,3,2021,'2022-04-09','Vonovia Ruhrstadion',0,0,'TBC'),
	(101020,157,152,3,2021,'2022-04-09','Sportpark Ronhof Thomas Sommer',0,0,'TBC'),
	(101021,141,151,3,2021,'2022-04-16','Signal-Iduna-Park',0,0,'TBC'),
	(101022,142,143,3,2021,'2022-04-16','BayArena',0,0,'TBC'),
	(101023,148,149,3,2021,'2022-04-16','Stadion An der Alten Forsterei',0,0,'TBC'),
	(101024,152,146,3,2021,'2022-04-16','Stadion im BORUSSIA-PARK',0,0,'TBC'),
	(101025,145,150,3,2021,'2022-04-16','Schwarzwald-Stadion',0,0,'TBC'),
	(101026,144,157,3,2021,'2022-04-16','PreZero Arena',0,0,'TBC'),
	(101027,147,156,3,2021,'2022-04-16','MEWA ARENA',0,0,'TBC'),
	(101028,155,154,3,2021,'2022-04-16','WWK Arena',0,0,'TBC'),
	(101029,153,140,3,2021,'2022-04-16','SchocoArena',0,0,'TBC'),
	(101030,140,141,3,2021,'2022-04-23','Allianz Arena',0,0,'TBC'),
	(101031,143,148,3,2021,'2022-04-23','Red Bull Arena',0,0,'TBC'),
	(101032,151,147,3,2021,'2022-04-23','VOLKSWAGEN ARENA',0,0,'TBC'),
	(101033,149,144,3,2021,'2022-04-23','Deutsche Bank Park',0,0,'TBC'),
	(101034,145,152,3,2021,'2022-04-23','Schwarzwald-Stadion',0,0,'TBC'),
	(101035,154,156,3,2021,'2022-04-23','Olympiastadion Berlin',0,0,'TBC'),
	(101036,146,153,3,2021,'2022-04-23','RheinEnergieStadion',0,0,'TBC'),
	(101037,150,155,3,2021,'2022-04-23','Vonovia Ruhrstadion',0,0,'TBC'),
	(101038,157,142,3,2021,'2022-04-23','Sportpark Ronhof Thomas Sommer',0,0,'TBC'),
	(101039,141,150,3,2021,'2022-04-30','Signal-Iduna-Park',0,0,'TBC'),
	(101040,142,149,3,2021,'2022-04-30','BayArena',0,0,'TBC'),
	(101041,148,157,3,2021,'2022-04-30','Stadion An der Alten Forsterei',0,0,'TBC'),
	(101042,152,143,3,2021,'2022-04-30','Stadion im BORUSSIA-PARK',0,0,'TBC'),
	(101043,156,151,3,2021,'2022-04-30','Mercedes-Benz-Arena',0,0,'TBC'),
	(101044,144,145,3,2021,'2022-04-30','PreZero Arena',0,0,'TBC'),
	(101045,147,140,3,2021,'2022-04-30','MEWA ARENA',0,0,'TBC'),
	(101046,155,146,3,2021,'2022-04-30','WWK Arena',0,0,'TBC'),
	(101047,153,154,3,2021,'2022-04-30','SchocoArena',0,0,'TBC'),
	(101048,140,156,3,2021,'2022-05-07','Allianz Arena',0,0,'TBC'),
	(101049,143,155,3,2021,'2022-05-07','Red Bull Arena',0,0,'TBC'),
	(101050,149,152,3,2021,'2022-05-07','Deutsche Bank Park',0,0,'TBC'),
	(101051,145,148,3,2021,'2022-05-07','Schwarzwald-Stadion',0,0,'TBC'),
	(101052,144,142,3,2021,'2022-05-07','PreZero Arena',0,0,'TBC'),
	(101053,154,147,3,2021,'2022-05-07','Olympiastadion Berlin',0,0,'TBC'),
	(101054,146,151,3,2021,'2022-05-07','RheinEnergieStadion',0,0,'TBC'),
	(101055,150,153,3,2021,'2022-05-07','Vonovia Ruhrstadion',0,0,'TBC'),
	(101056,157,141,3,2021,'2022-05-07','Sportpark Ronhof Thomas Sommer',0,0,'TBC'),
	(101057,141,154,3,2021,'2022-05-14','Signal-Iduna-Park',0,0,'TBC'),
	(101058,151,140,3,2021,'2022-05-14','VOLKSWAGEN ARENA',0,0,'TBC'),
	(101059,142,145,3,2021,'2022-05-14','BayArena',0,0,'TBC'),
	(101060,148,150,3,2021,'2022-05-14','Stadion An der Alten Forsterei',0,0,'TBC'),
	(101061,152,144,3,2021,'2022-05-14','Stadion im BORUSSIA-PARK',0,0,'TBC'),
	(101062,156,146,3,2021,'2022-05-14','Mercedes-Benz-Arena',0,0,'TBC'),
	(101063,147,149,3,2021,'2022-05-14','MEWA ARENA',0,0,'TBC'),
	(101064,155,157,3,2021,'2022-05-14','WWK Arena',0,0,'TBC'),
	(101065,153,143,3,2021,'2022-05-14','SchocoArena',0,0,'TBC'),
	(101066,170,177,4,2021,'2021-08-22','Stadio Renato Dall''sAra',3,2,'Antonio Rapuano'),
	(101067,175,171,4,2021,'2021-08-23','Unipol Domus',2,2,'Francesco Fourneau'),
	(101068,169,163,4,2021,'2021-08-21','Stadio Carlo Castellani',1,3,'Simone Sozza'),
	(101069,166,168,4,2021,'2021-08-21','Stadio Marc''sAntonio Bentegodi',2,3,'Manuel Volpi'),
	(101070,159,176,4,2021,'2021-08-21','Stadio Giuseppe Meazza',4,0,'Valerio Marini'),
	(101071,160,174,4,2021,'2021-08-22','Stadio Diego Armando Maradona',2,0,'Gianluca Aureliano'),
	(101072,165,164,4,2021,'2021-08-22','Stadio Olimpico',3,1,'Luca J. Pairetto'),
	(101073,172,158,4,2021,'2021-08-23','Stadio Comunale Luigi Ferraris',0,1,'Marco Guida'),
	(101074,167,162,4,2021,'2021-08-21','Stadio Olimpico Grande Torino',1,2,'Daniele Chiffi'),
	(101075,173,161,4,2021,'2021-08-22','Dacia Arena',2,2,'Ivano Pezzuto'),
	(101076,162,170,4,2021,'2021-08-28','Gewiss Stadium',0,0,'Daniele Orsato'),
	(101077,164,167,4,2021,'2021-08-28','Stadio Artemio Franchi',2,1,'Maurizio Mariani'),
	(101078,176,160,4,2021,'2021-08-29','Stadio Comunale Luigi Ferraris',1,2,'Marco Di Bello'),
	(101079,166,159,4,2021,'2021-08-27','Stadio Marc''sAntonio Bentegodi',1,3,'Gianluca Manganiello'),
	(101080,161,169,4,2021,'2021-08-28','Allianz Stadium',0,1,'Davide Ghersini'),
	(101081,163,171,4,2021,'2021-08-28','Stadio Olimpico',6,1,'Federico Dionisi'),
	(101082,158,175,4,2021,'2021-08-29','Stadio Giuseppe Meazza',4,1,'Serra Marco'),
	(101083,177,165,4,2021,'2021-08-29','Stadio Arechi',0,4,'Rosario Abisso'),
	(101084,168,172,4,2021,'2021-08-29','MAPEI Stadium - Citto del Tricolore',0,0,'Juan Luca Sacchi'),
	(101085,173,174,4,2021,'2021-08-27','Dacia Arena',3,0,'Livio Marinelli'),
	(101086,162,164,4,2021,'2021-09-11','Gewiss Stadium',1,2,'Valerio Marini'),
	(101087,170,166,4,2021,'2021-09-13','Stadio Renato Dall''sAra',1,0,'Ivano Pezzuto'),
	(101088,175,176,4,2021,'2021-09-12','Unipol Domus',2,3,'Luca J. Pairetto'),
	(101089,169,174,4,2021,'2021-09-11','Stadio Carlo Castellani',1,2,'Antonio Rapuano'),
	(101090,158,163,4,2021,'2021-09-12','Stadio Giuseppe Meazza',2,0,'Daniele Chiffi'),
	(101091,160,161,4,2021,'2021-09-11','Stadio Diego Armando Maradona',2,1,'Massimiliano Irrati'),
	(101092,165,168,4,2021,'2021-09-12','Stadio Olimpico',2,1,'Simone Sozza'),
	(101093,172,159,4,2021,'2021-09-12','Stadio Comunale Luigi Ferraris',2,2,'Daniele Orsato'),
	(101094,171,173,4,2021,'2021-09-12','Stadio Alberto Picco',0,1,'Marco Guida'),
	(101095,167,177,4,2021,'2021-09-12','Stadio Olimpico Grande Torino',4,0,'Gianluca Aureliano'),
	(101096,169,172,4,2021,'2021-09-19','Stadio Carlo Castellani',0,3,'Maurizio Mariani'),
	(101097,176,164,4,2021,'2021-09-18','Stadio Comunale Luigi Ferraris',1,2,'Livio Marinelli'),
	(101098,166,165,4,2021,'2021-09-19','Stadio Marc''sAntonio Bentegodi',3,2,'Fabio Maresca'),
	(101099,159,170,4,2021,'2021-09-18','Stadio Giuseppe Meazza',6,1,'Giovanni Ayroldi'),
	(101100,161,158,4,2021,'2021-09-19','Allianz Stadium',1,1,'Daniele Doveri'),
	(101101,163,175,4,2021,'2021-09-19','Stadio Olimpico',2,2,'Davide Ghersini'),
	(101102,177,162,4,2021,'2021-09-18','Stadio Arechi',0,1,'Paolo Valeri'),
	(101103,168,167,4,2021,'2021-09-17','MAPEI Stadium - Citto del Tricolore',0,1,'Marco Piccinini'),
	(101104,173,160,4,2021,'2021-09-20','Dacia Arena',0,4,'Lorenzo Manganelli'),
	(101105,174,171,4,2021,'2021-09-19','Stadio Pierluigi Penzo',1,2,'Rosario Abisso'),
	(101106,162,168,4,2021,'2021-09-21','Gewiss Stadium',2,1,'Davide Massa'),
	(101107,170,176,4,2021,'2021-09-21','Stadio Renato Dall''sAra',2,2,'Francesco Fourneau'),
	(101108,175,169,4,2021,'2021-09-22','Unipol Domus',0,2,'Marco Di Bello'),
	(101109,164,159,4,2021,'2021-09-21','Stadio Artemio Franchi',1,3,'Michael Fabbri'),
	(101110,158,174,4,2021,'2021-09-22','Stadio Giuseppe Meazza',2,0,'Ivano Pezzuto'),
	(101111,165,173,4,2021,'2021-09-23','Stadio Olimpico',1,0,'Antonio Rapuano'),
	(101112,177,166,4,2021,'2021-09-22','Stadio Arechi',2,2,'Massimiliano Irrati'),
	(101113,172,160,4,2021,'2021-09-23','Stadio Comunale Luigi Ferraris',0,4,'Paolo Valeri'),
	(101114,171,161,4,2021,'2021-09-22','Stadio Alberto Picco',2,3,'Gianluca Aureliano'),
	(101115,167,163,4,2021,'2021-09-23','Stadio Olimpico Grande Torino',1,1,'Rosario Abisso'),
	(101116,169,170,4,2021,'2021-09-26','Stadio Carlo Castellani',4,2,'Piero Giacomelli'),
	(101117,176,166,4,2021,'2021-09-25','Stadio Comunale Luigi Ferraris',3,3,'Daniele Doveri'),
	(101118,159,162,4,2021,'2021-09-25','Stadio Giuseppe Meazza',2,2,'Fabio Maresca'),
	(101119,161,172,4,2021,'2021-09-26','Allianz Stadium',3,2,'Giovanni Ayroldi'),
	(101120,163,165,4,2021,'2021-09-26','Stadio Olimpico',3,2,'Marco Guida'),
	(101121,160,175,4,2021,'2021-09-26','Stadio Diego Armando Maradona',2,0,'Marco Piccinini'),
	(101122,168,177,4,2021,'2021-09-26','MAPEI Stadium - Citto del Tricolore',1,0,'Antonio Giua'),
	(101123,171,158,4,2021,'2021-09-25','Stadio Alberto Picco',1,2,'Gianluca Manganiello'),
	(101124,173,164,4,2021,'2021-09-26','Dacia Arena',0,1,'Davide Ghersini'),
	(101125,174,167,4,2021,'2021-09-27','Stadio Pierluigi Penzo',1,1,'Lorenzo Maggioni'),
	(101126,162,158,4,2021,'2021-10-03','Gewiss Stadium',2,3,'Marco Di Bello'),
	(101127,170,163,4,2021,'2021-10-03','Stadio Renato Dall''sAra',3,0,'Davide Massa'),
	(101128,175,174,4,2021,'2021-10-01','Unipol Domus',1,1,'Manuel Volpi'),
	(101129,164,160,4,2021,'2021-10-03','Stadio Artemio Franchi',1,2,'Simone Sozza'),
	(101130,166,171,4,2021,'2021-10-03','Stadio Marc''sAntonio Bentegodi',4,0,'Giacomo Camplone'),
	(101131,165,169,4,2021,'2021-10-03','Stadio Olimpico',2,0,'Giovanni Ayroldi'),
	(101132,177,176,4,2021,'2021-10-02','Stadio Arechi',1,0,'Maurizio Mariani'),
	(101133,172,173,4,2021,'2021-10-03','Stadio Comunale Luigi Ferraris',3,3,'Daniele Orsato'),
	(101134,168,159,4,2021,'2021-10-02','MAPEI Stadium - Citto del Tricolore',1,2,'Luca J. Pairetto'),
	(101135,167,161,4,2021,'2021-10-02','Stadio Olimpico Grande Torino',0,1,'Paolo Valeri'),
	(101136,175,172,4,2021,'2021-10-17','Unipol Domus',3,1,'Matteo Marchetti'),
	(101137,169,162,4,2021,'2021-10-17','Stadio Carlo Castellani',1,4,'Serra Marco'),
	(101138,176,168,4,2021,'2021-10-17','Stadio Comunale Luigi Ferraris',2,2,'Daniele Chiffi'),
	(101139,161,165,4,2021,'2021-10-17','Allianz Stadium',1,0,'Daniele Orsato'),
	(101140,163,159,4,2021,'2021-10-16','Stadio Olimpico',3,1,'Massimiliano Irrati'),
	(101141,158,166,4,2021,'2021-10-16','Stadio Giuseppe Meazza',3,2,'Alessandro Prontera'),
	(101142,160,167,4,2021,'2021-10-17','Stadio Diego Armando Maradona',1,0,'Juan Luca Sacchi'),
	(101143,171,177,4,2021,'2021-10-16','Stadio Alberto Picco',2,1,'Davide Massa'),
	(101144,173,170,4,2021,'2021-10-17','Dacia Arena',1,1,'Rosario Abisso'),
	(101145,174,164,4,2021,'2021-10-18','Stadio Pierluigi Penzo',1,0,'Luca Massimi'),
	(101146,162,173,4,2021,'2021-10-24','Gewiss Stadium',1,1,'Livio Marinelli'),
	(101147,170,158,4,2021,'2021-10-23','Stadio Renato Dall''sAra',2,4,'Paolo Valeri'),
	(101148,164,175,4,2021,'2021-10-24','Stadio Artemio Franchi',3,0,'Antonio Rapuano'),
	(101149,166,163,4,2021,'2021-10-24','Stadio Marc''sAntonio Bentegodi',4,1,'Marco Piccinini'),
	(101150,159,161,4,2021,'2021-10-24','Stadio Giuseppe Meazza',1,1,'Maurizio Mariani'),
	(101151,165,160,4,2021,'2021-10-24','Stadio Olimpico',0,0,'Davide Massa'),
	(101152,177,169,4,2021,'2021-10-23','Stadio Arechi',2,4,'Daniele Doveri'),
	(101153,172,171,4,2021,'2021-10-22','Stadio Comunale Luigi Ferraris',2,1,'Michael Fabbri'),
	(101154,168,174,4,2021,'2021-10-23','MAPEI Stadium - Citto del Tricolore',3,1,'Antonio Di Martino'),
	(101155,167,176,4,2021,'2021-10-22','Stadio Olimpico Grande Torino',3,2,'Piero Giacomelli'),
	(101156,175,165,4,2021,'2021-10-27','Unipol Domus',1,2,'Ivano Pezzuto'),
	(101157,169,159,4,2021,'2021-10-27','Stadio Carlo Castellani',0,2,'Daniele Chiffi'),
	(101158,161,168,4,2021,'2021-10-27','Allianz Stadium',1,2,'Juan Luca Sacchi'),
	(101159,163,164,4,2021,'2021-10-27','Stadio Olimpico',1,0,'Giovanni Ayroldi'),
	(101160,158,167,4,2021,'2021-10-26','Stadio Giuseppe Meazza',1,0,'Gianluca Aureliano'),
	(101161,160,170,4,2021,'2021-10-28','Stadio Diego Armando Maradona',3,0,'Serra Marco'),
	(101162,172,162,4,2021,'2021-10-27','Stadio Comunale Luigi Ferraris',1,3,'Alessandro Prontera'),
	(101163,171,176,4,2021,'2021-10-26','Stadio Alberto Picco',1,1,'Simone Sozza'),
	(101164,173,166,4,2021,'2021-10-27','Dacia Arena',1,1,'Matteo Marchetti'),
	(101165,174,177,4,2021,'2021-10-26','Stadio Pierluigi Penzo',1,2,'Marco Di Bello'),
	(101166,162,163,4,2021,'2021-10-30','Gewiss Stadium',2,2,'Marco Guida'),
	(101167,170,175,4,2021,'2021-11-01','Stadio Renato Dall''sAra',2,0,'Davide Massa'),
	(101168,164,171,4,2021,'2021-10-31','Stadio Artemio Franchi',3,0,'Antonio Giua'),
	(101169,176,174,4,2021,'2021-10-31','Stadio Comunale Luigi Ferraris',0,0,'Maurizio Mariani'),
	(101170,166,161,4,2021,'2021-10-30','Stadio Marc''sAntonio Bentegodi',2,1,'Livio Marinelli'),
	(101171,159,173,4,2021,'2021-10-31','Stadio Giuseppe Meazza',2,0,'Juan Luca Sacchi'),
	(101172,165,158,4,2021,'2021-10-31','Stadio Olimpico',1,2,'Fabio Maresca'),
	(101173,177,160,4,2021,'2021-10-31','Stadio Arechi',0,1,'Michael Fabbri'),
	(101174,168,169,4,2021,'2021-10-31','MAPEI Stadium - Citto del Tricolore',1,2,'Luca Massimi'),
	(101175,167,172,4,2021,'2021-10-30','Stadio Olimpico Grande Torino',3,0,'Francesco Fourneau'),
	(101176,175,162,4,2021,'2021-11-06','Unipol Domus',1,2,'Marco Piccinini'),
	(101177,169,176,4,2021,'2021-11-05','Stadio Carlo Castellani',2,2,'Luca J. Pairetto'),
	(101178,161,164,4,2021,'2021-11-06','Allianz Stadium',1,0,'Simone Sozza'),
	(101179,163,177,4,2021,'2021-11-07','Stadio Olimpico',3,0,'Antonio Rapuano'),
	(101180,158,159,4,2021,'2021-11-07','Stadio Giuseppe Meazza',1,1,'Daniele Doveri'),
	(101181,160,166,4,2021,'2021-11-07','Stadio Diego Armando Maradona',1,1,'Giovanni Ayroldi'),
	(101182,172,170,4,2021,'2021-11-07','Stadio Comunale Luigi Ferraris',1,2,'Gianluca Manganiello'),
	(101183,171,167,4,2021,'2021-11-06','Stadio Alberto Picco',1,0,'Daniele Orsato'),
	(101184,173,168,4,2021,'2021-11-07','Dacia Arena',3,2,'Federico Dionisi'),
	(101185,174,165,4,2021,'2021-11-07','Stadio Pierluigi Penzo',3,2,'Gianluca Aureliano'),
	(101186,162,171,4,2021,'2021-11-20','Gewiss Stadium',5,2,'Rosario Abisso'),
	(101187,170,174,4,2021,'2021-11-21','Stadio Renato Dall''sAra',0,1,'Daniele Chiffi'),
	(101188,164,158,4,2021,'2021-11-20','Stadio Artemio Franchi',4,3,'Marco Guida'),
	(101189,176,165,4,2021,'2021-11-21','Stadio Comunale Luigi Ferraris',0,2,'Massimiliano Irrati'),
	(101190,166,169,4,2021,'2021-11-22','Stadio Marc''sAntonio Bentegodi',2,1,'Matteo Gariglio'),
	(101191,159,160,4,2021,'2021-11-21','Stadio Giuseppe Meazza',3,2,'Paolo Valeri'),
	(101192,163,161,4,2021,'2021-11-20','Stadio Olimpico',0,2,'Marco Di Bello'),
	(101193,177,172,4,2021,'2021-11-21','Stadio Arechi',0,2,'Piero Giacomelli'),
	(101194,168,175,4,2021,'2021-11-21','MAPEI Stadium - Citto del Tricolore',2,2,'Niccolo Baroni'),
	(101195,167,173,4,2021,'2021-11-22','Stadio Olimpico Grande Torino',2,1,'Ivano Pezzuto'),
	(101196,175,177,4,2021,'2021-11-26','Unipol Domus',1,1,'Daniele Doveri'),
	(101197,169,164,4,2021,'2021-11-27','Stadio Carlo Castellani',2,1,'Juan Luca Sacchi'),
	(101198,161,162,4,2021,'2021-11-27','Allianz Stadium',0,1,'Giovanni Ayroldi'),
	(101199,158,168,4,2021,'2021-11-28','Stadio Giuseppe Meazza',1,3,'Gianluca Manganiello'),
	(101200,160,163,4,2021,'2021-11-28','Stadio Diego Armando Maradona',4,0,'Daniele Orsato'),
	(101201,165,167,4,2021,'2021-11-28','Stadio Olimpico',1,0,'Daniele Chiffi'),
	(101202,172,166,4,2021,'2021-11-27','Stadio Comunale Luigi Ferraris',3,1,'Lorenzo Maggioni'),
	(101203,171,170,4,2021,'2021-11-28','Stadio Alberto Picco',0,1,'Luca Massimi'),
	(101204,173,176,4,2021,'2021-11-28','Dacia Arena',0,0,'Francesco Meraviglia'),
	(101205,174,159,4,2021,'2021-11-27','Stadio Pierluigi Penzo',0,2,'Livio Marinelli'),
	(101206,162,174,4,2021,'2021-11-30','Gewiss Stadium',4,0,'Alberto Santoro'),
	(101207,170,165,4,2021,'2021-12-01','Stadio Renato Dall''sAra',1,0,'Luca J. Pairetto'),
	(101208,164,172,4,2021,'2021-11-30','Stadio Artemio Franchi',3,1,'Federico Dionisi'),
	(101209,176,158,4,2021,'2021-12-01','Stadio Comunale Luigi Ferraris',0,3,'Juan Luca Sacchi'),
	(101210,166,175,4,2021,'2021-11-30','Stadio Marc''sAntonio Bentegodi',0,0,'Matteo Marcenaro'),
	(101211,159,171,4,2021,'2021-12-01','Stadio Giuseppe Meazza',2,0,'Davide Ghersini'),
	(101212,163,173,4,2021,'2021-12-02','Stadio Olimpico',4,4,'Marco Piccinini'),
	(101213,177,161,4,2021,'2021-11-30','Stadio Arechi',0,2,'Francesco Fourneau'),
	(101214,168,160,4,2021,'2021-12-01','MAPEI Stadium - Citto del Tricolore',2,2,'Ivano Pezzuto'),
	(101215,167,169,4,2021,'2021-12-02','Stadio Olimpico Grande Torino',2,2,'Colombo'),
	(101216,170,164,4,2021,'2021-12-05','Stadio Renato Dall''sAra',2,3,'Massimiliano Irrati'),
	(101217,175,167,4,2021,'2021-12-06','Unipol Domus',1,1,'Luca Massimi'),
	(101218,169,173,4,2021,'2021-12-06','Stadio Carlo Castellani',3,1,'Daniele Paterna'),
	(101219,161,176,4,2021,'2021-12-05','Allianz Stadium',2,0,'Daniele Chiffi'),
	(101220,158,177,4,2021,'2021-12-04','Stadio Giuseppe Meazza',2,0,'Antonio Giua'),
	(101221,160,162,4,2021,'2021-12-04','Stadio Diego Armando Maradona',2,3,'Maurizio Mariani'),
	(101222,165,159,4,2021,'2021-12-04','Stadio Olimpico',0,3,'Marco Di Bello'),
	(101223,172,163,4,2021,'2021-12-05','Stadio Comunale Luigi Ferraris',1,3,'Michael Fabbri'),
	(101224,171,168,4,2021,'2021-12-05','Stadio Alberto Picco',2,2,'Fabio Maresca'),
	(101225,174,166,4,2021,'2021-12-05','Stadio Pierluigi Penzo',3,4,'Alessandro Prontera'),
	(101226,164,177,4,2021,'2021-12-11','Stadio Artemio Franchi',4,0,'Davide Ghersini'),
	(101227,176,172,4,2021,'2021-12-10','Stadio Comunale Luigi Ferraris',1,3,'Daniele Doveri'),
	(101228,166,162,4,2021,'2021-12-12','Stadio Marc''sAntonio Bentegodi',1,2,'Juan Luca Sacchi'),
	(101229,159,175,4,2021,'2021-12-12','Stadio Giuseppe Meazza',4,0,'Matteo Marchetti'),
	(101230,160,169,4,2021,'2021-12-12','Stadio Diego Armando Maradona',0,1,'Livio Marinelli'),
	(101231,165,171,4,2021,'2021-12-13','Stadio Olimpico',2,0,'Alessandro Prontera'),
	(101232,168,163,4,2021,'2021-12-12','MAPEI Stadium - Citto del Tricolore',2,1,'Simone Sozza'),
	(101233,167,170,4,2021,'2021-12-12','Stadio Olimpico Grande Torino',2,1,'Federico Dionisi'),
	(101234,173,158,4,2021,'2021-12-11','Dacia Arena',1,1,'Francesco Fourneau'),
	(101235,174,161,4,2021,'2021-12-11','Stadio Pierluigi Penzo',1,1,'Paolo Valeri'),
	(101236,162,165,4,2021,'2021-12-18','Gewiss Stadium',1,4,'Massimiliano Irrati'),
	(101237,170,161,4,2021,'2021-12-18','Stadio Renato Dall''sAra',0,2,'Daniele Orsato'),
	(101238,175,173,4,2021,'2021-12-18','Unipol Domus',0,4,'Fabio Maresca'),
	(101239,164,168,4,2021,'2021-12-19','Stadio Artemio Franchi',2,2,'Serra Marco'),
	(101240,163,176,4,2021,'2021-12-17','Stadio Olimpico',3,1,'Luca J. Pairetto'),
	(101241,158,160,4,2021,'2021-12-19','Stadio Giuseppe Meazza',0,1,'Davide Massa'),
	(101242,177,159,4,2021,'2021-12-17','Stadio Arechi',0,5,'Maurizio Mariani'),
	(101243,172,174,4,2021,'2021-12-19','Stadio Comunale Luigi Ferraris',1,1,'Rosario Abisso'),
	(101244,171,169,4,2021,'2021-12-19','Stadio Alberto Picco',1,1,'Lorenzo Maggioni'),
	(101245,167,166,4,2021,'2021-12-19','Stadio Olimpico Grande Torino',1,0,'Michael Fabbri'),
	(101246,169,158,4,2021,'2021-12-22','Stadio Carlo Castellani',2,4,'Marco Di Bello'),
	(101247,176,162,4,2021,'2021-12-21','Stadio Comunale Luigi Ferraris',0,0,'Paolo Valeri'),
	(101248,166,164,4,2021,'2021-12-22','Stadio Marc''sAntonio Bentegodi',1,1,'Daniele Doveri'),
	(101249,159,167,4,2021,'2021-12-22','Stadio Giuseppe Meazza',1,0,'Marco Guida'),
	(101250,161,175,4,2021,'2021-12-21','Allianz Stadium',2,0,'Federico Dionisi'),
	(101251,160,171,4,2021,'2021-12-22','Stadio Diego Armando Maradona',0,1,'Luca Massimi'),
	(101252,165,172,4,2021,'2021-12-22','Stadio Olimpico',1,1,'Piero Giacomelli'),
	(101253,168,170,4,2021,'2021-12-22','MAPEI Stadium - Citto del Tricolore',0,3,'Michael Fabbri'),
	(101254,173,177,4,2021,'2021-12-21','Dacia Arena',3,0,'Giacomo Camplone'),
	(101255,174,163,4,2021,'2021-12-22','Stadio Pierluigi Penzo',1,3,'Fabio Maresca'),
	(101256,162,167,4,2021,'2022-01-06','Gewiss Stadium',0,0,'P. Giacomelli'),
	(101257,170,159,4,2021,'2022-01-06','Stadio Renato Dall''sAra',0,0,'G. Ayroldi'),
	(101258,164,173,4,2021,'2022-01-06','Stadio Artemio Franchi',0,0,'F. Fourneau'),
	(101259,161,160,4,2021,'2022-01-06','Allianz Stadium',1,1,'Simone Sozza'),
	(101260,163,169,4,2021,'2022-01-06','Stadio Olimpico',3,3,'Antonio Giua'),
	(101261,158,165,4,2021,'2022-01-06','Stadio Giuseppe Meazza',3,1,'Daniele Chiffi'),
	(101262,177,174,4,2021,'2022-01-06','Stadio Arechi',0,0,'J. Sacchi'),
	(101263,172,175,4,2021,'2022-01-06','Stadio Comunale Luigi Ferraris',1,2,'Giacomo Camplone'),
	(101264,168,176,4,2021,'2022-01-06','MAPEI Stadium - Citto del Tricolore',1,1,'Gianluca Manganiello'),
	(101265,171,166,4,2021,'2022-01-06','Stadio Alberto Picco',1,2,'Maurizio Mariani'),
	(101266,175,170,4,2021,'2022-01-11','Unipol Domus',2,1,'Davide Ghersini'),
	(101267,169,168,4,2021,'2022-01-09','Stadio Carlo Castellani',1,5,'Manuel Volpi'),
	(101268,176,171,4,2021,'2022-01-09','Stadio Comunale Luigi Ferraris',0,1,'Marco Guida'),
	(101269,166,177,4,2021,'2022-01-09','Stadio Marc''sAntonio Bentegodi',1,2,'Federico Dionisi'),
	(101270,159,163,4,2021,'2022-01-09','Stadio Giuseppe Meazza',2,1,'Luca J. Pairetto'),
	(101271,160,172,4,2021,'2022-01-09','Stadio Diego Armando Maradona',1,0,'Marco Di Bello'),
	(101272,165,161,4,2021,'2022-01-09','Stadio Olimpico',3,4,'Davide Massa'),
	(101273,167,164,4,2021,'2022-01-10','Stadio Olimpico Grande Torino',4,0,'Livio Marinelli'),
	(101274,173,162,4,2021,'2022-01-09','Dacia Arena',2,6,'Michael Fabbri'),
	(101275,174,158,4,2021,'2022-01-09','Stadio Pierluigi Penzo',0,3,'Massimiliano Irrati'),
	(101276,162,159,4,2021,'2022-01-16','Gewiss Stadium',0,0,'Davide Massa'),
	(101277,170,160,4,2021,'2022-01-17','Stadio Renato Dall''sAra',0,2,'Livio Marinelli'),
	(101278,164,176,4,2021,'2022-01-17','Stadio Artemio Franchi',6,0,'Fabio Maresca'),
	(101279,161,173,4,2021,'2022-01-15','Allianz Stadium',2,0,'Antonio Giua'),
	(101280,158,171,4,2021,'2022-01-17','Stadio Giuseppe Meazza',1,2,'Serra Marco'),
	(101281,165,175,4,2021,'2022-01-16','Stadio Olimpico',1,0,'Lorenzo Maggioni'),
	(101282,177,163,4,2021,'2022-01-15','Stadio Arechi',0,3,'Rosario Abisso'),
	(101283,172,167,4,2021,'2022-01-15','Stadio Comunale Luigi Ferraris',1,2,'Luca Massimi'),
	(101284,168,166,4,2021,'2022-01-16','MAPEI Stadium - Citto del Tricolore',2,4,'Alessandro Prontera'),
	(101285,174,169,4,2021,'2022-01-16','Stadio Pierluigi Penzo',1,1,'Piero Giacomelli'),
	(101286,175,164,4,2021,'2022-01-23','Unipol Domus',1,1,'Gianluca Aureliano'),
	(101287,169,165,4,2021,'2022-01-23','Stadio Carlo Castellani',2,4,'Michael Fabbri'),
	(101288,176,173,4,2021,'2022-01-22','Stadio Comunale Luigi Ferraris',0,0,'Daniele Doveri'),
	(101289,166,170,4,2021,'2022-01-21','Stadio Marc''sAntonio Bentegodi',2,1,'Matteo Gariglio'),
	(101290,159,174,4,2021,'2022-01-22','Stadio Giuseppe Meazza',2,1,'Matteo Marchetti'),
	(101291,163,162,4,2021,'2022-01-22','Stadio Olimpico',0,0,'Simone Sozza'),
	(101292,158,161,4,2021,'2022-01-23','Stadio Giuseppe Meazza',0,0,'Marco Di Bello'),
	(101293,160,177,4,2021,'2022-01-23','Stadio Diego Armando Maradona',4,1,'Luca J. Pairetto'),
	(101294,171,172,4,2021,'2022-01-23','Stadio Alberto Picco',1,0,'Gianluca Manganiello'),
	(101295,167,168,4,2021,'2022-01-23','Stadio Olimpico Grande Torino',1,1,'Francesco Fourneau'),
	(101296,162,175,4,2021,'2022-02-06','Gewiss Stadium',1,2,'Alessandro Prontera'),
	(101297,170,169,4,2021,'2022-02-06','Stadio Renato Dall''sAra',0,0,'Francesco Cosso'),
	(101298,164,163,4,2021,'2022-02-05','Stadio Artemio Franchi',0,3,'Daniele Orsato'),
	(101299,159,158,4,2021,'2022-02-05','Stadio Giuseppe Meazza',1,2,'Marco Guida'),
	(101300,161,166,4,2021,'2022-02-06','Allianz Stadium',2,0,'Luca Massimi'),
	(101301,165,176,4,2021,'2022-02-05','Stadio Olimpico',0,0,'Rosario Abisso'),
	(101302,177,171,4,2021,'2022-02-07','Stadio Arechi',2,2,'Paolo Valeri'),
	(101303,172,168,4,2021,'2022-02-06','Stadio Comunale Luigi Ferraris',4,0,'Fabio Maresca'),
	(101304,173,167,4,2021,'2022-02-06','Dacia Arena',2,0,'Antonio Rapuano'),
	(101305,174,160,4,2021,'2022-02-06','Stadio Pierluigi Penzo',0,2,'Maurizio Mariani'),
	(101306,162,161,4,2021,'2022-02-13','Gewiss Stadium',1,1,'Maurizio Mariani'),
	(101307,169,175,4,2021,'2022-02-13','Stadio Carlo Castellani',1,1,'Federico Dionisi'),
	(101308,176,177,4,2021,'2022-02-13','Stadio Comunale Luigi Ferraris',1,1,'Marco Di Bello'),
	(101309,166,173,4,2021,'2022-02-13','Stadio Marc''sAntonio Bentegodi',4,0,'Andrea Colombo'),
	(101310,163,170,4,2021,'2022-02-12','Stadio Olimpico',3,0,'Marco Piccinini'),
	(101311,158,172,4,2021,'2022-02-13','Stadio Giuseppe Meazza',1,0,'Daniele Chiffi'),
	(101312,160,159,4,2021,'2022-02-12','Stadio Diego Armando Maradona',1,1,'Daniele Doveri'),
	(101313,168,165,4,2021,'2022-02-13','MAPEI Stadium - Citto del Tricolore',2,2,'Marco Guida'),
	(101314,171,164,4,2021,'2022-02-14','Stadio Alberto Picco',1,2,'Matteo Marchetti'),
	(101315,167,174,4,2021,'2022-02-12','Stadio Olimpico Grande Torino',1,2,'Antonio Giua'),
	(101316,170,171,4,2021,'2022-02-21','Stadio Renato Dall''sAra',2,1,'Livio Marinelli'),
	(101317,175,160,4,2021,'2022-02-21','Unipol Domus',1,1,'Simone Sozza'),
	(101318,164,162,4,2021,'2022-02-20','Stadio Artemio Franchi',1,0,'Daniele Doveri'),
	(101319,159,168,4,2021,'2022-02-20','Stadio Giuseppe Meazza',0,2,'Francesco Fourneau'),
	(101320,161,167,4,2021,'2022-02-18','Allianz Stadium',1,1,'Davide Massa'),
	(101321,165,166,4,2021,'2022-02-19','Stadio Olimpico',2,2,'Luca J. Pairetto'),
	(101322,177,158,4,2021,'2022-02-19','Stadio Arechi',2,2,'Michael Fabbri'),
	(101323,172,169,4,2021,'2022-02-19','Stadio Comunale Luigi Ferraris',2,0,'Antonio Rapuano'),
	(101324,173,163,4,2021,'2022-02-20','Dacia Arena',1,1,'Luca Massimi'),
	(101325,174,176,4,2021,'2022-02-20','Stadio Pierluigi Penzo',1,1,'Daniele Orsato'),
	(101326,162,172,4,2021,'2022-02-28','Gewiss Stadium',0,0,'TBC'),
	(101327,169,161,4,2021,'2022-02-26','Stadio Carlo Castellani',0,0,'TBC'),
	(101328,176,159,4,2021,'2022-02-25','Stadio Comunale Luigi Ferraris',0,0,'TBC'),
	(101329,166,174,4,2021,'2022-02-27','Stadio Marc''sAntonio Bentegodi',0,0,'TBC'),
	(101330,163,160,4,2021,'2022-02-27','Stadio Olimpico',0,0,'TBC'),
	(101331,158,173,4,2021,'2022-02-25','Stadio Giuseppe Meazza',0,0,'TBC'),
	(101332,177,170,4,2021,'2022-02-26','Stadio Arechi',0,0,'TBC'),
	(101333,168,164,4,2021,'2022-02-26','MAPEI Stadium - Citto del Tricolore',0,0,'TBC'),
	(101334,171,165,4,2021,'2022-02-27','Stadio Alberto Picco',0,0,'TBC'),
	(101335,167,175,4,2021,'2022-02-27','Stadio Olimpico Grande Torino',0,0,'TBC'),
	(101336,170,167,4,2021,'2022-03-06','Stadio Renato Dall''sAra',0,0,'TBC'),
	(101337,175,163,4,2021,'2022-03-05','Unipol Domus',0,0,'TBC'),
	(101338,164,166,4,2021,'2022-03-06','Stadio Artemio Franchi',0,0,'TBC'),
	(101339,176,169,4,2021,'2022-03-06','Stadio Comunale Luigi Ferraris',0,0,'TBC'),
	(101340,159,177,4,2021,'2022-03-04','Stadio Giuseppe Meazza',0,0,'TBC'),
	(101341,161,171,4,2021,'2022-03-06','Allianz Stadium',0,0,'TBC'),
	(101342,160,158,4,2021,'2022-03-06','Stadio Diego Armando Maradona',0,0,'TBC'),
	(101343,165,162,4,2021,'2022-03-05','Stadio Olimpico',0,0,'TBC'),
	(101344,173,172,4,2021,'2022-03-05','Dacia Arena',0,0,'TBC'),
	(101345,174,168,4,2021,'2022-03-06','Stadio Pierluigi Penzo',0,0,'TBC'),
	(101346,162,176,4,2021,'2022-03-13','Gewiss Stadium',0,0,'TBC'),
	(101347,164,170,4,2021,'2022-03-13','Stadio Artemio Franchi',0,0,'TBC'),
	(101348,166,160,4,2021,'2022-03-13','Stadio Marc''sAntonio Bentegodi',0,0,'TBC'),
	(101349,163,174,4,2021,'2022-03-13','Stadio Olimpico',0,0,'TBC'),
	(101350,158,169,4,2021,'2022-03-13','Stadio Giuseppe Meazza',0,0,'TBC'),
	(101351,177,168,4,2021,'2022-03-13','Stadio Arechi',0,0,'TBC'),
	(101352,172,161,4,2021,'2022-03-13','Stadio Comunale Luigi Ferraris',0,0,'TBC'),
	(101353,171,175,4,2021,'2022-03-13','Stadio Alberto Picco',0,0,'TBC'),
	(101354,167,159,4,2021,'2022-03-13','Stadio Olimpico Grande Torino',0,0,'TBC'),
	(101355,173,165,4,2021,'2022-03-13','Dacia Arena',0,0,'TBC'),
	(101356,170,162,4,2021,'2022-03-20','None',0,0,'TBC'),
	(101357,175,158,4,2021,'2022-03-20','None',0,0,'TBC'),
	(101358,169,166,4,2021,'2022-03-20','None',0,0,'TBC'),
	(101359,176,167,4,2021,'2022-03-20','None',0,0,'TBC'),
	(101360,159,164,4,2021,'2022-03-20','None',0,0,'TBC'),
	(101361,161,177,4,2021,'2022-03-20','None',0,0,'TBC'),
	(101362,160,173,4,2021,'2022-03-20','None',0,0,'TBC'),
	(101363,165,163,4,2021,'2022-03-20','None',0,0,'TBC'),
	(101364,168,171,4,2021,'2022-03-20','None',0,0,'TBC'),
	(101365,174,172,4,2021,'2022-03-20','None',0,0,'TBC'),
	(101366,162,160,4,2021,'2022-04-03','None',0,0,'TBC'),
	(101367,164,169,4,2021,'2022-04-03','None',0,0,'TBC'),
	(101368,166,176,4,2021,'2022-04-03','None',0,0,'TBC'),
	(101369,161,159,4,2021,'2022-04-03','None',0,0,'TBC'),
	(101370,163,168,4,2021,'2022-04-03','None',0,0,'TBC'),
	(101371,158,170,4,2021,'2022-04-03','None',0,0,'TBC'),
	(101372,177,167,4,2021,'2022-04-03','None',0,0,'TBC'),
	(101373,172,165,4,2021,'2022-04-03','None',0,0,'TBC'),
	(101374,171,174,4,2021,'2022-04-03','None',0,0,'TBC'),
	(101375,173,175,4,2021,'2022-04-03','None',0,0,'TBC'),
	(101376,170,172,4,2021,'2022-04-10','None',0,0,'TBC'),
	(101377,175,161,4,2021,'2022-04-10','None',0,0,'TBC'),
	(101378,169,171,4,2021,'2022-04-10','None',0,0,'TBC'),
	(101379,176,163,4,2021,'2022-04-10','None',0,0,'TBC'),
	(101380,159,166,4,2021,'2022-04-10','None',0,0,'TBC'),
	(101381,160,164,4,2021,'2022-04-10','None',0,0,'TBC'),
	(101382,165,177,4,2021,'2022-04-10','None',0,0,'TBC'),
	(101383,168,162,4,2021,'2022-04-10','None',0,0,'TBC'),
	(101384,167,158,4,2021,'2022-04-10','None',0,0,'TBC'),
	(101385,174,173,4,2021,'2022-04-10','None',0,0,'TBC'),
	(101386,162,166,4,2021,'2022-04-16','None',0,0,'TBC'),
	(101387,175,168,4,2021,'2022-04-16','None',0,0,'TBC'),
	(101388,164,174,4,2021,'2022-04-16','None',0,0,'TBC'),
	(101389,161,170,4,2021,'2022-04-16','None',0,0,'TBC'),
	(101390,163,167,4,2021,'2022-04-16','None',0,0,'TBC'),
	(101391,158,176,4,2021,'2022-04-16','None',0,0,'TBC'),
	(101392,160,165,4,2021,'2022-04-16','None',0,0,'TBC'),
	(101393,172,177,4,2021,'2022-04-16','None',0,0,'TBC'),
	(101394,171,159,4,2021,'2022-04-16','None',0,0,'TBC'),
	(101395,173,169,4,2021,'2022-04-16','None',0,0,'TBC'),
	(101396,170,173,4,2021,'2022-04-24','None',0,0,'TBC'),
	(101397,169,160,4,2021,'2022-04-24','None',0,0,'TBC'),
	(101398,176,175,4,2021,'2022-04-24','None',0,0,'TBC'),
	(101399,166,172,4,2021,'2022-04-24','None',0,0,'TBC'),
	(101400,159,165,4,2021,'2022-04-24','None',0,0,'TBC'),
	(101401,163,158,4,2021,'2022-04-24','None',0,0,'TBC'),
	(101402,177,164,4,2021,'2022-04-24','None',0,0,'TBC'),
	(101403,168,161,4,2021,'2022-04-24','None',0,0,'TBC'),
	(101404,167,171,4,2021,'2022-04-24','None',0,0,'TBC'),
	(101405,174,162,4,2021,'2022-04-24','None',0,0,'TBC'),
	(101406,162,177,4,2021,'2022-05-01','None',0,0,'TBC'),
	(101407,175,166,4,2021,'2022-05-01','None',0,0,'TBC'),
	(101408,169,167,4,2021,'2022-05-01','None',0,0,'TBC'),
	(101409,161,174,4,2021,'2022-05-01','None',0,0,'TBC'),
	(101410,158,164,4,2021,'2022-05-01','None',0,0,'TBC'),
	(101411,160,168,4,2021,'2022-05-01','None',0,0,'TBC'),
	(101412,165,170,4,2021,'2022-05-01','None',0,0,'TBC'),
	(101413,172,176,4,2021,'2022-05-01','None',0,0,'TBC'),
	(101414,171,163,4,2021,'2022-05-01','None',0,0,'TBC'),
	(101415,173,159,4,2021,'2022-05-01','None',0,0,'TBC'),
	(101416,164,165,4,2021,'2022-05-08','None',0,0,'TBC'),
	(101417,176,161,4,2021,'2022-05-08','None',0,0,'TBC'),
	(101418,166,158,4,2021,'2022-05-08','None',0,0,'TBC'),
	(101419,159,169,4,2021,'2022-05-08','None',0,0,'TBC'),
	(101420,163,172,4,2021,'2022-05-08','None',0,0,'TBC'),
	(101421,177,175,4,2021,'2022-05-08','None',0,0,'TBC'),
	(101422,168,173,4,2021,'2022-05-08','None',0,0,'TBC'),
	(101423,171,162,4,2021,'2022-05-08','None',0,0,'TBC'),
	(101424,167,160,4,2021,'2022-05-08','None',0,0,'TBC'),
	(101425,174,170,4,2021,'2022-05-08','None',0,0,'TBC'),
	(101426,170,168,4,2021,'2022-05-15','None',0,0,'TBC'),
	(101427,175,159,4,2021,'2022-05-15','None',0,0,'TBC'),
	(101428,169,177,4,2021,'2022-05-15','None',0,0,'TBC'),
	(101429,166,167,4,2021,'2022-05-15','None',0,0,'TBC'),
	(101430,161,163,4,2021,'2022-05-15','None',0,0,'TBC'),
	(101431,158,162,4,2021,'2022-05-15','None',0,0,'TBC'),
	(101432,160,176,4,2021,'2022-05-15','None',0,0,'TBC'),
	(101433,165,174,4,2021,'2022-05-15','None',0,0,'TBC'),
	(101434,172,164,4,2021,'2022-05-15','None',0,0,'TBC'),
	(101435,173,171,4,2021,'2022-05-15','None',0,0,'TBC'),
	(101436,162,169,4,2021,'2022-05-22','None',0,0,'TBC'),
	(101437,164,161,4,2021,'2022-05-22','None',0,0,'TBC'),
	(101438,176,170,4,2021,'2022-05-22','None',0,0,'TBC'),
	(101439,159,172,4,2021,'2022-05-22','None',0,0,'TBC'),
	(101440,163,166,4,2021,'2022-05-22','None',0,0,'TBC'),
	(101441,177,173,4,2021,'2022-05-22','None',0,0,'TBC'),
	(101442,168,158,4,2021,'2022-05-22','None',0,0,'TBC'),
	(101443,171,160,4,2021,'2022-05-22','None',0,0,'TBC'),
	(101444,167,165,4,2021,'2022-05-22','None',0,0,'TBC'),
	(101445,174,175,4,2021,'2022-05-22','None',0,0,'TBC'),
	(101446,197,192,5,2021,'2021-08-08','Stade Matmut-Atlantique',0,2,'Florent Batta'),
	(101447,185,189,5,2021,'2021-08-07','Groupama Stadium',1,1,'Mikael Lesage'),
	(101448,196,188,5,2021,'2021-08-08','Stade Saint-Symphorien',3,3,'Eric Wattellier'),
	(101449,183,184,5,2021,'2021-08-06','Stade Louis II',1,1,'Antony Gautier'),
	(101450,186,179,5,2021,'2021-08-08','Stade de la Mosson',2,3,'Jeremie Pignard'),
	(101451,180,191,5,2021,'2021-08-08','Allianz Riviera',0,0,'Johan Hamel'),
	(101452,182,187,5,2021,'2021-08-08','Roazhon Park',1,1,'Bastien Dechepy'),
	(101453,193,195,5,2021,'2021-08-08','Stade Geoffroy-Guichard',1,1,'Thomas Leonard'),
	(101454,181,190,5,2021,'2021-08-08','Stade de la Meinau',0,2,'Jeremy Stinat'),
	(101455,194,178,5,2021,'2021-08-07','Stade de l''sAube',1,2,'Amaury Delerue'),
	(101456,190,185,5,2021,'2021-08-15','Stade Raymond-Kopa',3,0,'Clement Turpin'),
	(101457,189,182,5,2021,'2021-08-15','Stade Francis-Le Blo',1,1,'Benoot Bastien'),
	(101458,192,194,5,2021,'2021-08-15','Stade Gabriel Montpied',2,0,'Romain Lissorgue'),
	(101459,187,193,5,2021,'2021-08-15','Stade Bollaert-Delelis',2,2,'Amaury Delerue'),
	(101460,188,180,5,2021,'2021-08-14','Stade Pierre-Mauroy',0,4,'Brisard Jerome'),
	(101461,195,183,5,2021,'2021-08-13','Stade Yves Allainmat - Le Moustoir',1,0,'Hakim Ben el Salem Hadj'),
	(101462,179,197,5,2021,'2021-08-15','Orange Volodrome',2,2,'Ruddy Buquet'),
	(101463,184,196,5,2021,'2021-08-15','Stade de la Beaujoire - Louis Fonteneau',2,0,'Johan Hamel'),
	(101464,178,181,5,2021,'2021-08-14','Parc des Princes',4,2,'Willy Delajod'),
	(101465,191,186,5,2021,'2021-08-15','Stade Auguste-Delaune II',3,3,'Jeremy Stinat'),
	(101466,197,190,5,2021,'2021-08-22','Stade Matmut-Atlantique',1,1,'Pierre Gaillouste'),
	(101467,189,178,5,2021,'2021-08-20','Stade Francis-Le Blo',2,4,'Eric Wattellier'),
	(101468,185,192,5,2021,'2021-08-22','Groupama Stadium',3,3,'Thomas Leonard'),
	(101469,196,191,5,2021,'2021-08-22','Stade Saint-Symphorien',1,1,'Florent Batta'),
	(101470,183,187,5,2021,'2021-08-21','Stade Louis II',0,2,'Jeremie Pignard'),
	(101471,186,195,5,2021,'2021-08-22','Stade de la Mosson',3,1,'Bastien Dechepy'),
	(101472,180,179,5,2021,'2021-10-27','Stade de l''sAube',1,1,'Clement Turpin'),
	(101473,182,184,5,2021,'2021-08-22','Roazhon Park',1,0,'Stephanie Frappart'),
	(101474,193,188,5,2021,'2021-08-21','Stade Geoffroy-Guichard',1,1,'Mikael Lesage'),
	(101475,181,194,5,2021,'2021-08-22','Stade de la Meinau',1,1,'Brisard Jerome'),
	(101476,190,182,5,2021,'2021-08-29','Stade Raymond-Kopa',2,0,'Antony Gautier'),
	(101477,192,196,5,2021,'2021-08-29','Stade Gabriel Montpied',2,2,'Hakim Ben el Salem Hadj'),
	(101478,187,195,5,2021,'2021-08-29','Stade Bollaert-Delelis',2,2,'Willy Delajod'),
	(101479,188,186,5,2021,'2021-08-29','Stade Pierre-Mauroy',2,1,'Amaury Delerue'),
	(101480,179,193,5,2021,'2021-08-28','Orange Volodrome',3,1,'Benoit Millot'),
	(101481,184,185,5,2021,'2021-08-27','Stade de la Beaujoire - Louis Fonteneau',0,1,'Brisard Jerome'),
	(101482,180,197,5,2021,'2021-08-28','Allianz Riviera',4,0,'Jeremie Pignard'),
	(101483,191,178,5,2021,'2021-08-29','Stade Auguste-Delaune II',0,2,'Francois Letexier'),
	(101484,181,189,5,2021,'2021-08-29','Stade de la Meinau',3,1,'Romain Lissorgue'),
	(101485,194,183,5,2021,'2021-08-29','Stade de l''sAube',1,2,'Johan Hamel'),
	(101486,197,187,5,2021,'2021-09-12','Stade Matmut-Atlantique',2,3,'Luis Miguel Branco Godinho'),
	(101487,189,190,5,2021,'2021-09-12','Stade Francis-Le Blo',1,1,'Jeremy Stinat'),
	(101488,195,188,5,2021,'2021-09-10','Stade Yves Allainmat - Le Moustoir',2,1,'Clement Turpin'),
	(101489,185,181,5,2021,'2021-09-12','Groupama Stadium',3,1,'Ruddy Buquet'),
	(101490,196,194,5,2021,'2021-09-12','Stade Saint-Symphorien',0,2,'Pierre Gaillouste'),
	(101491,183,179,5,2021,'2021-09-11','Stade Louis II',0,2,'Stephanie Frappart'),
	(101492,186,193,5,2021,'2021-09-12','Stade de la Mosson',2,0,'Benoot Bastien'),
	(101493,184,180,5,2021,'2021-09-12','Stade de la Beaujoire - Louis Fonteneau',0,2,'Benoit Millot'),
	(101494,178,192,5,2021,'2021-09-11','Parc des Princes',4,0,'Mikael Lesage'),
	(101495,182,191,5,2021,'2021-09-12','Roazhon Park',0,2,'Thomas Leonard'),
	(101496,190,184,5,2021,'2021-09-19','Stade Raymond-Kopa',1,4,'Amaury Delerue'),
	(101497,192,189,5,2021,'2021-09-19','Stade Gabriel Montpied',1,1,'Bastien Dechepy'),
	(101498,187,188,5,2021,'2021-09-18','Stade Bollaert-Delelis',1,0,'Benoit Millot'),
	(101499,179,182,5,2021,'2021-09-19','Orange Volodrome',2,0,'Willy Delajod'),
	(101500,180,183,5,2021,'2021-09-19','Allianz Riviera',2,2,'Francois Letexier'),
	(101501,178,185,5,2021,'2021-09-19','Parc des Princes',2,1,'Clement Turpin'),
	(101502,191,195,5,2021,'2021-09-19','Stade Auguste-Delaune II',0,0,'Hakim Ben el Salem Hadj'),
	(101503,193,197,5,2021,'2021-09-18','Stade Geoffroy-Guichard',1,2,'Antony Gautier'),
	(101504,181,196,5,2021,'2021-09-17','Stade de la Meinau',3,0,'Eric Wattellier'),
	(101505,194,186,5,2021,'2021-09-19','Stade de l''sAube',1,1,'Florent Batta'),
	(101506,190,179,5,2021,'2021-09-22','Stade Raymond-Kopa',0,0,'Ruddy Buquet'),
	(101507,187,181,5,2021,'2021-09-22','Stade Bollaert-Delelis',0,1,'Jeremy Stinat'),
	(101508,188,191,5,2021,'2021-09-22','Stade Pierre-Mauroy',2,1,'Johan Hamel'),
	(101509,195,180,5,2021,'2021-09-22','Stade Yves Allainmat - Le Moustoir',1,0,'Romain Lissorgue'),
	(101510,185,194,5,2021,'2021-09-22','Groupama Stadium',3,1,'Stephanie Frappart'),
	(101511,196,178,5,2021,'2021-09-22','Stade Saint-Symphorien',1,2,'Jeremie Pignard'),
	(101512,183,193,5,2021,'2021-09-22','Stade Louis II',3,1,'Brisard Jerome'),
	(101513,186,197,5,2021,'2021-09-22','Stade de la Mosson',3,3,'Mikael Lesage'),
	(101514,184,189,5,2021,'2021-09-22','Stade de la Beaujoire - Louis Fonteneau',3,1,'Thomas Leonard'),
	(101515,182,192,5,2021,'2021-09-22','Roazhon Park',6,0,'Benoot Bastien'),
	(101516,197,182,5,2021,'2021-09-26','Stade Matmut-Atlantique',1,1,'Hakim Ben el Salem Hadj'),
	(101517,189,196,5,2021,'2021-09-26','Stade Francis-Le Blo',1,2,'Willy Delajod'),
	(101518,192,183,5,2021,'2021-09-26','Stade Gabriel Montpied',1,3,'Benoit Millot'),
	(101519,185,195,5,2021,'2021-09-25','Groupama Stadium',1,1,'Bastien Dechepy'),
	(101520,179,187,5,2021,'2021-09-26','Orange Volodrome',2,3,'Mikael Lesage'),
	(101521,178,186,5,2021,'2021-09-25','Parc des Princes',2,0,'Antony Gautier'),
	(101522,191,184,5,2021,'2021-09-26','Stade Auguste-Delaune II',3,1,'Eric Wattellier'),
	(101523,193,180,5,2021,'2021-09-25','Stade Geoffroy-Guichard',0,3,'Amaury Delerue'),
	(101524,181,188,5,2021,'2021-09-25','Stade de la Meinau',1,2,'Francois Letexier'),
	(101525,194,190,5,2021,'2021-09-26','Stade de l''sAube',1,1,'Thomas Leonard'),
	(101526,190,196,5,2021,'2021-10-03','Stade Raymond-Kopa',3,2,'Stephanie Frappart'),
	(101527,187,191,5,2021,'2021-10-01','Stade Bollaert-Delelis',2,0,'Benoot Bastien'),
	(101528,188,179,5,2021,'2021-10-03','Stade Pierre-Mauroy',2,0,'Jeremie Pignard'),
	(101529,195,192,5,2021,'2021-10-03','Stade Yves Allainmat - Le Moustoir',1,1,'Pierre Gaillouste'),
	(101530,183,197,5,2021,'2021-10-03','Stade Louis II',3,0,'Clement Turpin'),
	(101531,186,181,5,2021,'2021-10-02','Stade de la Mosson',1,1,'Hakim Ben el Salem Hadj'),
	(101532,184,194,5,2021,'2021-10-03','Stade de la Beaujoire - Louis Fonteneau',2,0,'Brisard Jerome'),
	(101533,180,189,5,2021,'2021-10-02','Allianz Riviera',2,1,'Antonio Nobre'),
	(101534,182,178,5,2021,'2021-10-03','Roazhon Park',2,0,'Ruddy Buquet'),
	(101535,193,185,5,2021,'2021-10-03','Stade Geoffroy-Guichard',1,1,'Francois Letexier'),
	(101536,197,184,5,2021,'2021-10-17','Stade Matmut-Atlantique',1,1,'Willy Delajod'),
	(101537,189,191,5,2021,'2021-10-17','Stade Francis-Le Blo',1,1,'Jeremy Stinat'),
	(101538,192,188,5,2021,'2021-10-16','Stade Gabriel Montpied',1,0,'Eric Wattellier'),
	(101539,185,183,5,2021,'2021-10-16','Groupama Stadium',2,0,'Amaury Delerue'),
	(101540,179,195,5,2021,'2021-10-17','Orange Volodrome',4,1,'Antony Gautier'),
	(101541,196,182,5,2021,'2021-10-17','Stade Saint-Symphorien',0,3,'Benoit Millot'),
	(101542,186,187,5,2021,'2021-10-17','Stade de la Mosson',1,0,'Florent Batta'),
	(101543,178,190,5,2021,'2021-10-15','Parc des Princes',2,1,'Bastien Dechepy'),
	(101544,181,193,5,2021,'2021-10-17','Stade de la Meinau',5,1,'Mikael Lesage'),
	(101545,194,180,5,2021,'2021-10-17','Stade de l''sAube',1,0,'Johan Hamel'),
	(101546,187,196,5,2021,'2021-10-24','Stade Bollaert-Delelis',4,1,'Jeremie Pignard'),
	(101547,188,189,5,2021,'2021-10-23','Stade Pierre-Mauroy',1,1,'Clement Turpin'),
	(101548,195,197,5,2021,'2021-10-24','Stade Yves Allainmat - Le Moustoir',1,1,'Thomas Leonard'),
	(101549,179,178,5,2021,'2021-10-24','Orange Volodrome',0,0,'Benoot Bastien'),
	(101550,183,186,5,2021,'2021-10-24','Stade Louis II',3,1,'Francois Letexier'),
	(101551,184,192,5,2021,'2021-10-23','Stade de la Beaujoire - Louis Fonteneau',2,1,'Romain Lissorgue'),
	(101552,180,185,5,2021,'2021-10-24','Allianz Riviera',3,2,'Brisard Jerome'),
	(101553,191,194,5,2021,'2021-10-24','Stade Auguste-Delaune II',1,2,'Pierre Gaillouste'),
	(101554,182,181,5,2021,'2021-10-24','Roazhon Park',1,0,'Stephanie Frappart'),
	(101555,193,190,5,2021,'2021-10-22','Stade Geoffroy-Guichard',2,2,'Antony Gautier'),
	(101556,190,180,5,2021,'2021-10-31','Stade Raymond-Kopa',1,2,'Willy Delajod'),
	(101557,197,191,5,2021,'2021-10-31','Stade Matmut-Atlantique',3,2,'Eric Wattellier'),
	(101558,189,183,5,2021,'2021-10-31','Stade Francis-Le Blo',2,0,'Johan Hamel'),
	(101559,192,179,5,2021,'2021-10-31','Stade Gabriel Montpied',0,1,'Benoit Millot'),
	(101560,185,187,5,2021,'2021-10-30','Groupama Stadium',2,1,'Mikael Lesage'),
	(101561,196,193,5,2021,'2021-10-30','Stade Saint-Symphorien',1,1,'Stephanie Frappart'),
	(101562,186,184,5,2021,'2021-10-31','Stade de la Mosson',2,0,'Bastien Dechepy'),
	(101563,178,188,5,2021,'2021-10-29','Parc des Princes',2,1,'Amaury Delerue'),
	(101564,181,195,5,2021,'2021-10-31','Stade de la Meinau',4,0,'Florent Batta'),
	(101565,194,182,5,2021,'2021-10-31','Stade de l''sAube',2,2,'Jeremy Stinat'),
	(101566,197,178,5,2021,'2021-11-06','Stade Matmut-Atlantique',2,3,'Ruddy Buquet'),
	(101567,187,194,5,2021,'2021-11-05','Stade Bollaert-Delelis',4,0,'Thomas Leonard'),
	(101568,188,190,5,2021,'2021-11-06','Stade Pierre-Mauroy',1,1,'Francois Letexier'),
	(101569,195,189,5,2021,'2021-11-07','Stade Yves Allainmat - Le Moustoir',1,2,'Romain Lissorgue'),
	(101570,179,196,5,2021,'2021-11-07','Orange Volodrome',0,0,'Brisard Jerome'),
	(101571,184,181,5,2021,'2021-11-07','Stade de la Beaujoire - Louis Fonteneau',2,2,'Clement Turpin'),
	(101572,180,186,5,2021,'2021-11-07','Allianz Riviera',0,1,'Antony Gautier'),
	(101573,191,183,5,2021,'2021-11-07','Stade Auguste-Delaune II',0,0,'Jeremie Pignard'),
	(101574,182,185,5,2021,'2021-11-07','Roazhon Park',4,1,'Benoot Bastien'),
	(101575,193,192,5,2021,'2021-11-07','Stade Geoffroy-Guichard',3,2,'Pierre Gaillouste'),
	(101576,190,195,5,2021,'2021-11-21','Stade Raymond-Kopa',1,0,'Pierre Gaillouste'),
	(101577,189,187,5,2021,'2021-11-21','Stade Francis-Le Blo',4,0,'Eric Wattellier'),
	(101578,192,180,5,2021,'2021-11-21','Stade Gabriel Montpied',1,2,'Stephanie Frappart'),
	(101579,185,179,5,2021,'2022-02-01','Groupama Stadium',2,1,'Benoot Bastien'),
	(101580,196,197,5,2021,'2021-11-21','Stade Saint-Symphorien',3,3,'Benoit Millot'),
	(101581,183,188,5,2021,'2021-11-19','Stade Louis II',2,2,'Willy Delajod'),
	(101582,178,184,5,2021,'2021-11-20','Parc des Princes',3,1,'Jeremy Stinat'),
	(101583,182,186,5,2021,'2021-11-20','Roazhon Park',2,0,'Mikael Lesage'),
	(101584,181,191,5,2021,'2021-11-21','Stade de la Meinau',1,1,'Amaury Delerue'),
	(101585,194,193,5,2021,'2021-11-21','Stade de l''sAube',0,1,'Florent Batta'),
	(101586,197,189,5,2021,'2021-11-28','Stade Matmut-Atlantique',1,2,'Pierre Gaillouste'),
	(101587,187,190,5,2021,'2021-11-26','Stade Bollaert-Delelis',2,2,'Florent Batta'),
	(101588,188,184,5,2021,'2021-11-27','Stade Pierre-Mauroy',1,1,'Johan Hamel'),
	(101589,195,182,5,2021,'2021-11-28','Stade Yves Allainmat - Le Moustoir',0,2,'Bastien Dechepy'),
	(101590,179,194,5,2021,'2021-11-28','Orange Volodrome',1,0,'Jeremie Pignard'),
	(101591,183,181,5,2021,'2021-11-28','Stade Louis II',1,1,'Antony Gautier'),
	(101592,186,185,5,2021,'2021-11-28','Stade de la Mosson',0,1,'Thomas Leonard'),
	(101593,180,196,5,2021,'2021-11-27','Allianz Riviera',0,1,'Francois Letexier'),
	(101594,191,192,5,2021,'2021-11-28','Stade Auguste-Delaune II',1,0,'Benoot Bastien'),
	(101595,193,178,5,2021,'2021-11-28','Stade Geoffroy-Guichard',1,3,'Brisard Jerome'),
	(101596,190,183,5,2021,'2021-12-01','Stade Raymond-Kopa',1,3,'Romain Lissorgue'),
	(101597,189,193,5,2021,'2021-12-01','Stade Francis-Le Blo',1,0,'Mikael Lesage'),
	(101598,192,187,5,2021,'2021-12-01','Stade Gabriel Montpied',2,2,'Amaury Delerue'),
	(101599,185,191,5,2021,'2021-12-01','Groupama Stadium',1,2,'Benoit Millot'),
	(101600,196,186,5,2021,'2021-12-01','Stade Saint-Symphorien',1,3,'Ruddy Buquet'),
	(101601,184,179,5,2021,'2021-12-01','Stade de la Beaujoire - Louis Fonteneau',0,1,'Eric Wattellier'),
	(101602,178,180,5,2021,'2021-12-01','Parc des Princes',0,0,'Clement Turpin'),
	(101603,182,188,5,2021,'2021-12-01','Roazhon Park',1,2,'Stephanie Frappart'),
	(101604,181,197,5,2021,'2021-12-01','Stade de la Meinau',5,2,'Willy Delajod'),
	(101605,194,195,5,2021,'2021-12-01','Stade de l''sAube',2,0,'Jeremy Stinat'),
	(101606,197,185,5,2021,'2021-12-05','Stade Matmut-Atlantique',2,2,'Brisard Jerome'),
	(101607,187,178,5,2021,'2021-12-04','Stade Bollaert-Delelis',1,1,'Francois Letexier'),
	(101608,188,194,5,2021,'2021-12-04','Stade Pierre-Mauroy',2,1,'Benoot Bastien'),
	(101609,195,184,5,2021,'2021-12-05','Stade Yves Allainmat - Le Moustoir',0,1,'Ruddy Buquet'),
	(101610,179,189,5,2021,'2021-12-04','Stade Orange Volodrome',1,2,'Antony Gautier'),
	(101611,183,196,5,2021,'2021-12-05','Stade Louis II',4,0,'Bastien Dechepy'),
	(101612,186,192,5,2021,'2021-12-05','Stade de la Mosson',1,0,'Florent Batta'),
	(101613,180,181,5,2021,'2021-12-05','Allianz Riviera',0,3,'Jeremie Pignard'),
	(101614,191,190,5,2021,'2021-12-05','Stade Auguste-Delaune II',1,2,'Johan Hamel'),
	(101615,193,182,5,2021,'2021-12-05','Stade Geoffroy-Guichard',0,5,'Thomas Leonard'),
	(101616,190,192,5,2021,'2021-12-12','Stade Raymond-Kopa',0,1,'Jeremy Stinat'),
	(101617,189,186,5,2021,'2021-12-11','Stade Francis-Le Blo',0,4,'Benoit Millot'),
	(101618,188,185,5,2021,'2021-12-12','Stade Pierre-Mauroy',0,0,'Amaury Delerue'),
	(101619,196,195,5,2021,'2021-12-12','Stade Saint-Symphorien',4,1,'Eric Wattellier'),
	(101620,184,187,5,2021,'2021-12-10','Stade de la Beaujoire - Louis Fonteneau',3,2,'Stephanie Frappart'),
	(101621,178,183,5,2021,'2021-12-12','Parc des Princes',2,0,'Benoot Bastien'),
	(101622,191,193,5,2021,'2021-12-11','Stade Auguste-Delaune II',2,0,'Pierre Gaillouste'),
	(101623,182,180,5,2021,'2021-12-12','Roazhon Park',1,2,'Willy Delajod'),
	(101624,181,179,5,2021,'2021-12-12','Stade de la Meinau',0,2,'Mikael Lesage'),
	(101625,194,197,5,2021,'2021-12-12','Stade de l''sAube',1,2,'Romain Lissorgue'),
	(101626,197,188,5,2021,'2021-12-22','Stade Matmut-Atlantique',2,3,'Mikael Lesage'),
	(101627,192,181,5,2021,'2022-01-19','Stade Gabriel Montpied',0,2,'Bastien Dechepy'),
	(101628,195,178,5,2021,'2021-12-22','Stade Yves Allainmat - Le Moustoir',1,1,'Jeremie Pignard'),
	(101629,185,196,5,2021,'2021-12-22','Groupama Stadium',1,1,'Pierre Gaillouste'),
	(101630,179,191,5,2021,'2021-12-22','Stade Orange Volodrome',1,1,'Francois Letexier'),
	(101631,183,182,5,2021,'2021-12-22','Stade Louis II',2,1,'Ruddy Buquet'),
	(101632,186,190,5,2021,'2021-12-22','Stade de la Mosson',4,1,'Hugo Miguel'),
	(101633,180,187,5,2021,'2021-12-22','Allianz Riviera',2,1,'Brisard Jerome'),
	(101634,193,184,5,2021,'2021-12-22','Stade Geoffroy-Guichard',0,1,'Clement Turpin'),
	(101635,194,189,5,2021,'2021-12-22','Stade de l''sAube',1,1,'Johan Hamel'),
	(101636,190,193,5,2021,'2022-01-26','Stade Raymond-Kopa',0,1,'Clement Turpin'),
	(101637,197,179,5,2021,'2022-01-07','Stade Matmut-Atlantique',0,1,'Eric Wattellier'),
	(101638,189,180,5,2021,'2022-01-09','Stade Francis-Le Blo',0,3,'Stephanie Frappart'),
	(101639,192,191,5,2021,'2022-01-09','Stade Gabriel Montpied',0,0,'Romain Lissorgue'),
	(101640,187,182,5,2021,'2022-01-08','Stade Bollaert-Delelis',1,0,'Benoot Bastien'),
	(101641,188,195,5,2021,'2022-01-19','Stade Pierre-Mauroy',3,1,'Florent Batta'),
	(101642,185,178,5,2021,'2022-01-09','Groupama Stadium',1,1,'Francois Letexier'),
	(101643,196,181,5,2021,'2022-01-09','Stade Saint-Symphorien',0,2,'Antony Gautier'),
	(101644,186,194,5,2021,'2022-01-19','Stade de la Mosson',0,1,'Jeremy Stinat'),
	(101645,184,183,5,2021,'2022-01-09','Stade de la Beaujoire - Louis Fonteneau',0,0,'Thomas Leonard'),
	(101646,195,190,5,2021,'2022-01-16','Stade Yves Allainmat - Le Moustoir',0,0,'Johan Hamel'),
	(101647,179,188,5,2021,'2022-01-16','Stade Orange Volodrome',1,1,'Amaury Delerue'),
	(101648,183,192,5,2021,'2022-01-16','Stade Louis II',4,0,'Jeremy Stinat'),
	(101649,180,184,5,2021,'2022-01-14','Allianz Riviera',2,1,'Ruddy Buquet'),
	(101650,178,189,5,2021,'2022-01-15','Parc des Princes',2,0,'Mikael Lesage'),
	(101651,191,196,5,2021,'2022-01-16','Stade Auguste-Delaune II',0,1,'Jeremie Pignard'),
	(101652,182,197,5,2021,'2022-01-16','Roazhon Park',6,0,'Bastien Dechepy'),
	(101653,193,187,5,2021,'2022-01-15','Stade Geoffroy-Guichard',1,2,'Francois Letexier'),
	(101654,181,186,5,2021,'2022-01-16','Stade de la Meinau',3,1,'Pierre Gaillouste'),
	(101655,194,185,5,2021,'2022-01-16','Stade de l''sAube',0,1,'Brisard Jerome'),
	(101656,190,194,5,2021,'2022-01-23','Stade Raymond-Kopa',2,1,'Romain Lissorgue'),
	(101657,197,181,5,2021,'2022-01-23','Stade Matmut-Atlantique',4,3,'Mikael Lesage'),
	(101658,189,188,5,2021,'2022-01-22','Stade Francis-Le Blo',2,0,'Brisard Jerome'),
	(101659,192,182,5,2021,'2022-01-23','Stade Gabriel Montpied',2,1,'Thomas Leonard'),
	(101660,187,179,5,2021,'2022-01-22','Stade Bollaert-Delelis',0,2,'Stephanie Frappart'),
	(101661,185,193,5,2021,'2022-01-21','Groupama Stadium',1,0,'Antony Gautier'),
	(101662,196,180,5,2021,'2022-01-23','Stade Saint-Symphorien',0,2,'Amaury Delerue'),
	(101663,186,183,5,2021,'2022-01-23','Stade de la Mosson',3,2,'Jeremie Pignard'),
	(101664,184,195,5,2021,'2022-01-23','Stade de la Beaujoire - Louis Fonteneau',4,2,'Pierre Gaillouste'),
	(101665,178,191,5,2021,'2022-01-23','Parc des Princes',4,0,'Eric Wattellier'),
	(101666,188,178,5,2021,'2022-02-06','Stade Pierre-Mauroy',1,5,'Francois Letexier'),
	(101667,195,187,5,2021,'2022-02-06','Stade Yves Allainmat - Le Moustoir',2,0,'Romain Lissorgue'),
	(101668,179,190,5,2021,'2022-02-04','Stade Orange Volodrome',5,2,'Jeremy Stinat'),
	(101669,183,185,5,2021,'2022-02-05','Stade Louis II',2,0,'Ruddy Buquet'),
	(101670,180,192,5,2021,'2022-02-06','Allianz Riviera',0,1,'Brisard Jerome'),
	(101671,191,197,5,2021,'2022-02-06','Stade Auguste-Delaune II',5,0,'Antony Gautier'),
	(101672,182,189,5,2021,'2022-02-06','Roazhon Park',2,0,'Johan Hamel'),
	(101673,193,186,5,2021,'2022-02-05','Stade Geoffroy-Guichard',3,1,'Thomas Leonard'),
	(101674,181,184,5,2021,'2022-02-06','Stade de la Meinau',1,0,'Amaury Delerue'),
	(101675,194,196,5,2021,'2022-02-06','Stade de l''sAube',0,0,'Mikael Lesage'),
	(101676,190,181,5,2021,'2022-02-13','Stade Raymond-Kopa',0,1,'Pierre Gaillouste'),
	(101677,189,194,5,2021,'2022-02-13','Stade Francis-Le Blo',5,1,'Florent Batta'),
	(101678,192,193,5,2021,'2022-02-13','Stade Gabriel Montpied',1,2,'Ruddy Buquet'),
	(101679,187,197,5,2021,'2022-02-13','Stade Bollaert-Delelis',3,2,'Francois Letexier'),
	(101680,185,180,5,2021,'2022-02-12','Groupama Stadium',2,0,'Benoit Millot'),
	(101681,196,179,5,2021,'2022-02-13','Stade Saint-Symphorien',1,2,'Eric Wattellier'),
	(101682,183,195,5,2021,'2022-02-13','Stade Louis II',0,0,'Bastien Dechepy'),
	(101683,186,188,5,2021,'2022-02-12','Stade de la Mosson',0,1,'Stephanie Frappart'),
	(101684,184,191,5,2021,'2022-02-13','Stade de la Beaujoire - Louis Fonteneau',1,0,'Johan Hamel'),
	(101685,178,182,5,2021,'2022-02-11','Parc des Princes',1,0,'Benoot Bastien'),
	(101686,197,183,5,2021,'2022-02-20','Stade Matmut-Atlantique',1,1,'Jeremie Pignard'),
	(101687,187,185,5,2021,'2022-02-19','Stade Bollaert-Delelis',1,1,'Brisard Jerome'),
	(101688,188,196,5,2021,'2022-02-18','Stade Pierre-Mauroy',0,0,'Bastien Dechepy'),
	(101689,195,186,5,2021,'2022-02-20','Stade Yves Allainmat - Le Moustoir',0,1,'Jeremy Stinat'),
	(101690,179,192,5,2021,'2022-02-20','Stade Orange Volodrome',0,2,'Willy Delajod'),
	(101691,184,178,5,2021,'2022-02-19','Stade de la Beaujoire - Louis Fonteneau',3,1,'Mikael Lesage'),
	(101692,180,190,5,2021,'2022-02-20','Allianz Riviera',1,0,'Romain Lissorgue'),
	(101693,191,189,5,2021,'2022-02-20','Stade Auguste-Delaune II',1,1,'Hakim Ben el Salem Hadj'),
	(101694,182,194,5,2021,'2022-02-20','Roazhon Park',4,1,'Clement Turpin'),
	(101695,193,181,5,2021,'2022-02-20','Stade Geoffroy-Guichard',2,2,'Antony Gautier'),
	(101696,190,187,5,2021,'2022-02-27','Stade Raymond-Kopa',0,0,'TBC'),
	(101697,189,195,5,2021,'2022-02-27','Stade Francis-Le Blo',0,0,'TBC'),
	(101698,192,197,5,2021,'2022-02-27','Stade Gabriel Montpied',0,0,'TBC'),
	(101699,185,188,5,2021,'2022-02-27','Groupama Stadium',0,0,'TBC'),
	(101700,196,184,5,2021,'2022-02-27','Stade Saint-Symphorien',0,0,'TBC'),
	(101701,183,191,5,2021,'2022-02-27','Stade Louis II',0,0,'TBC'),
	(101702,186,182,5,2021,'2022-02-25','Stade de la Mosson',0,0,'TBC'),
	(101703,178,193,5,2021,'2022-02-26','Parc des Princes',0,0,'TBC'),
	(101704,181,180,5,2021,'2022-02-26','Stade de la Meinau',0,0,'TBC'),
	(101705,194,179,5,2021,'2022-02-27','Stade de l''sAube',0,0,'TBC'),
	(101706,197,194,5,2021,'2022-03-06','Stade Matmut-Atlantique',0,0,'TBC'),
	(101707,187,189,5,2021,'2022-03-05','Stade Bollaert-Delelis',0,0,'TBC'),
	(101708,188,192,5,2021,'2022-03-06','Stade Pierre-Mauroy',0,0,'TBC'),
	(101709,195,185,5,2021,'2022-03-04','Stade Yves Allainmat - Le Moustoir',0,0,'TBC'),
	(101710,179,183,5,2021,'2022-03-06','Stade Orange Volodrome',0,0,'TBC'),
	(101711,184,186,5,2021,'2022-03-06','Stade de la Beaujoire - Louis Fonteneau',0,0,'TBC'),
	(101712,180,178,5,2021,'2022-03-05','Allianz Riviera',0,0,'TBC'),
	(101713,191,181,5,2021,'2022-03-06','Stade Auguste-Delaune II',0,0,'TBC'),
	(101714,182,190,5,2021,'2022-03-06','Roazhon Park',0,0,'TBC'),
	(101715,193,196,5,2021,'2022-03-06','Stade Geoffroy-Guichard',0,0,'TBC'),
	(101716,190,191,5,2021,'2022-03-13','Stade Raymond-Kopa',0,0,'TBC'),
	(101717,189,179,5,2021,'2022-03-13','Stade Francis-Le Blo',0,0,'TBC'),
	(101718,192,195,5,2021,'2022-03-13','Stade Gabriel Montpied',0,0,'TBC'),
	(101719,188,193,5,2021,'2022-03-13','Stade Pierre-Mauroy',0,0,'TBC'),
	(101720,185,182,5,2021,'2022-03-13','Groupama Stadium',0,0,'TBC'),
	(101721,196,187,5,2021,'2022-03-13','Stade Saint-Symphorien',0,0,'TBC'),
	(101722,186,180,5,2021,'2022-03-13','Stade de la Mosson',0,0,'TBC'),
	(101723,178,197,5,2021,'2022-03-13','Parc des Princes',0,0,'TBC'),
	(101724,181,183,5,2021,'2022-03-13','Stade de la Meinau',0,0,'TBC'),
	(101725,194,184,5,2021,'2022-03-13','Stade de l''sAube',0,0,'TBC'),
	(101726,190,189,5,2021,'2022-03-20','Stade Raymond-Kopa',0,0,'TBC'),
	(101727,197,186,5,2021,'2022-03-20','Stade Matmut-Atlantique',0,0,'TBC'),
	(101728,187,192,5,2021,'2022-03-19','Stade Bollaert-Delelis',0,0,'TBC'),
	(101729,195,181,5,2021,'2022-03-20','Stade Yves Allainmat - Le Moustoir',0,0,'TBC'),
	(101730,179,180,5,2021,'2022-03-20','Stade Orange Volodrome',0,0,'TBC'),
	(101731,183,178,5,2021,'2022-03-20','Stade Louis II',0,0,'TBC'),
	(101732,184,188,5,2021,'2022-03-19','Stade de la Beaujoire - Louis Fonteneau',0,0,'TBC'),
	(101733,191,185,5,2021,'2022-03-20','Stade Auguste-Delaune II',0,0,'TBC'),
	(101734,182,196,5,2021,'2022-03-20','Roazhon Park',0,0,'TBC'),
	(101735,193,194,5,2021,'2022-03-18','Stade Geoffroy-Guichard',0,0,'TBC'),
	(101736,192,184,5,2021,'2022-04-03','Stade Gabriel Montpied',0,0,'TBC'),
	(101737,188,197,5,2021,'2022-04-03','Stade Pierre-Mauroy',0,0,'TBC'),
	(101738,185,190,5,2021,'2022-04-03','Groupama Stadium',0,0,'TBC'),
	(101739,196,183,5,2021,'2022-04-03','Stade Saint-Symphorien',0,0,'TBC'),
	(101740,186,189,5,2021,'2022-04-03','Stade de la Mosson',0,0,'TBC'),
	(101741,180,182,5,2021,'2022-04-03','Allianz Riviera',0,0,'TBC'),
	(101742,178,195,5,2021,'2022-04-03','Parc des Princes',0,0,'TBC'),
	(101743,193,179,5,2021,'2022-04-03','Stade Geoffroy-Guichard',0,0,'TBC'),
	(101744,181,187,5,2021,'2022-04-03','Stade de la Meinau',0,0,'TBC'),
	(101745,194,191,5,2021,'2022-04-03','Stade de l''sAube',0,0,'TBC'),
	(101746,190,188,5,2021,'2022-04-10','Stade Raymond-Kopa',0,0,'TBC'),
	(101747,197,196,5,2021,'2022-04-10','Stade Matmut-Atlantique',0,0,'TBC'),
	(101748,189,184,5,2021,'2022-04-10','Stade Francis-Le Blo',0,0,'TBC'),
	(101749,192,178,5,2021,'2022-04-10','Stade Gabriel Montpied',0,0,'TBC'),
	(101750,187,180,5,2021,'2022-04-10','Stade Bollaert-Delelis',0,0,'TBC'),
	(101751,195,193,5,2021,'2022-04-10','Stade Yves Allainmat - Le Moustoir',0,0,'TBC'),
	(101752,179,186,5,2021,'2022-04-10','Orange Volodrome',0,0,'TBC'),
	(101753,183,194,5,2021,'2022-04-10','Stade Louis II',0,0,'TBC'),
	(101754,191,182,5,2021,'2022-04-10','Stade Auguste-Delaune II',0,0,'TBC'),
	(101755,181,185,5,2021,'2022-04-10','Stade de la Meinau',0,0,'TBC'),
	(101756,188,187,5,2021,'2022-04-17','Stade Pierre-Mauroy',0,0,'TBC'),
	(101757,185,197,5,2021,'2022-04-17','Groupama Stadium',0,0,'TBC'),
	(101758,196,192,5,2021,'2022-04-17','Stade Saint-Symphorien',0,0,'TBC'),
	(101759,186,191,5,2021,'2022-04-17','Stade de la Mosson',0,0,'TBC'),
	(101760,184,190,5,2021,'2022-04-17','Stade de la Beaujoire - Louis Fonteneau',0,0,'TBC'),
	(101761,180,195,5,2021,'2022-04-17','Allianz Riviera',0,0,'TBC'),
	(101762,178,179,5,2021,'2022-04-17','Parc des Princes',0,0,'TBC'),
	(101763,182,183,5,2021,'2022-04-17','Roazhon Park',0,0,'TBC'),
	(101764,193,189,5,2021,'2022-04-17','Stade Geoffroy-Guichard',0,0,'TBC'),
	(101765,194,181,5,2021,'2022-04-17','Stade de l''sAube',0,0,'TBC'),
	(101766,190,178,5,2021,'2022-04-20','Stade Raymond-Kopa',0,0,'TBC'),
	(101767,197,193,5,2021,'2022-04-20','Stade Matmut-Atlantique',0,0,'TBC'),
	(101768,189,185,5,2021,'2022-04-20','Stade Francis-Le Blo',0,0,'TBC'),
	(101769,187,186,5,2021,'2022-04-20','Stade Bollaert-Delelis',0,0,'TBC'),
	(101770,195,196,5,2021,'2022-04-20','Stade Yves Allainmat - Le Moustoir',0,0,'TBC'),
	(101771,179,184,5,2021,'2022-04-20','Orange Volodrome',0,0,'TBC'),
	(101772,183,180,5,2021,'2022-04-20','Stade Louis II',0,0,'TBC'),
	(101773,191,188,5,2021,'2022-04-20','Stade Auguste-Delaune II',0,0,'TBC'),
	(101774,181,182,5,2021,'2022-04-20','Stade de la Meinau',0,0,'TBC'),
	(101775,194,192,5,2021,'2022-04-20','Stade de l''sAube',0,0,'TBC'),
	(101776,192,190,5,2021,'2022-04-24','Stade Gabriel Montpied',0,0,'TBC'),
	(101777,188,181,5,2021,'2022-04-24','Stade Pierre-Mauroy',0,0,'TBC'),
	(101778,185,186,5,2021,'2022-04-24','Groupama Stadium',0,0,'TBC'),
	(101779,196,189,5,2021,'2022-04-24','Stade Saint-Symphorien',0,0,'TBC'),
	(101780,184,197,5,2021,'2022-04-24','Stade de la Beaujoire - Louis Fonteneau',0,0,'TBC'),
	(101781,180,194,5,2021,'2022-04-24','Allianz Riviera',0,0,'TBC'),
	(101782,178,187,5,2021,'2022-04-24','Parc des Princes',0,0,'TBC'),
	(101783,191,179,5,2021,'2022-04-24','Stade Auguste-Delaune II',0,0,'TBC'),
	(101784,182,195,5,2021,'2022-04-24','Roazhon Park',0,0,'TBC'),
	(101785,193,183,5,2021,'2022-04-24','Stade Geoffroy-Guichard',0,0,'TBC'),
	(101786,197,180,5,2021,'2022-05-01','Stade Matmut-Atlantique',0,0,'TBC'),
	(101787,189,192,5,2021,'2022-05-01','Stade Francis-Le Blo',0,0,'TBC'),
	(101788,187,184,5,2021,'2022-05-01','Stade Bollaert-Delelis',0,0,'TBC'),
	(101789,195,191,5,2021,'2022-05-01','Stade Yves Allainmat - Le Moustoir',0,0,'TBC'),
	(101790,179,185,5,2021,'2022-05-01','Orange Volodrome',0,0,'TBC'),
	(101791,183,190,5,2021,'2022-05-01','Stade Louis II',0,0,'TBC'),
	(101792,186,196,5,2021,'2022-05-01','Stade de la Mosson',0,0,'TBC'),
	(101793,182,193,5,2021,'2022-05-01','Roazhon Park',0,0,'TBC'),
	(101794,181,178,5,2021,'2022-05-01','Stade de la Meinau',0,0,'TBC'),
	(101795,194,188,5,2021,'2022-05-01','Stade de l''sAube',0,0,'TBC'),
	(101796,190,197,5,2021,'2022-05-08','Stade Raymond-Kopa',0,0,'TBC'),
	(101797,189,181,5,2021,'2022-05-08','Stade Francis-Le Blo',0,0,'TBC'),
	(101798,192,186,5,2021,'2022-05-08','Stade Gabriel Montpied',0,0,'TBC'),
	(101799,188,183,5,2021,'2022-05-08','Stade Pierre-Mauroy',0,0,'TBC'),
	(101800,195,179,5,2021,'2022-05-08','Stade Yves Allainmat - Le Moustoir',0,0,'TBC'),
	(101801,196,185,5,2021,'2022-05-08','Stade Saint-Symphorien',0,0,'TBC'),
	(101802,184,182,5,2021,'2022-05-08','Stade de la Beaujoire - Louis Fonteneau',0,0,'TBC'),
	(101803,180,193,5,2021,'2022-05-08','Allianz Riviera',0,0,'TBC'),
	(101804,178,194,5,2021,'2022-05-08','Parc des Princes',0,0,'TBC'),
	(101805,191,187,5,2021,'2022-05-08','Stade Auguste-Delaune II',0,0,'TBC'),
	(101806,197,195,5,2021,'2022-05-14','Stade Matmut-Atlantique',0,0,'TBC'),
	(101807,185,184,5,2021,'2022-05-14','Groupama Stadium',0,0,'TBC'),
	(101808,196,190,5,2021,'2022-05-14','Stade Saint-Symphorien',0,0,'TBC'),
	(101809,183,189,5,2021,'2022-05-14','Stade Louis II',0,0,'TBC'),
	(101810,186,178,5,2021,'2022-05-14','Stade de la Mosson',0,0,'TBC'),
	(101811,180,188,5,2021,'2022-05-14','Allianz Riviera',0,0,'TBC'),
	(101812,182,179,5,2021,'2022-05-14','Roazhon Park',0,0,'TBC'),
	(101813,193,191,5,2021,'2022-05-14','Stade Geoffroy-Guichard',0,0,'TBC'),
	(101814,181,192,5,2021,'2022-05-14','Stade de la Meinau',0,0,'TBC'),
	(101815,194,187,5,2021,'2022-05-14','Stade de l''sAube',0,0,'TBC'),
	(101816,190,186,5,2021,'2022-05-21','Stade Raymond-Kopa',0,0,'TBC'),
	(101817,189,197,5,2021,'2022-05-21','Stade Francis-Le Blo',0,0,'TBC'),
	(101818,192,185,5,2021,'2022-05-21','Stade Gabriel Montpied',0,0,'TBC'),
	(101819,187,183,5,2021,'2022-05-21','Stade Bollaert-Delelis',0,0,'TBC'),
	(101820,188,182,5,2021,'2022-05-21','Stade Pierre-Mauroy',0,0,'TBC'),
	(101821,195,194,5,2021,'2022-05-21','Stade Yves Allainmat - Le Moustoir',0,0,'TBC'),
	(101822,179,181,5,2021,'2022-05-21','Orange Volodrome',0,0,'TBC'),
	(101823,184,193,5,2021,'2022-05-21','Stade de la Beaujoire - Louis Fonteneau',0,0,'TBC'),
	(101824,178,196,5,2021,'2022-05-21','Parc des Princes',0,0,'TBC'),
	(101825,191,180,5,2021,'2022-05-21','Stade Auguste-Delaune II',0,0,'TBC');
GO